transaction_id,buyer_id,supplier_id,drug_name,therapeutic_class,quantity,unit_price,country,transaction_date
1,52,17,Ceftriaxone,Analgesics,372,10.56,Uganda,2024-04-23
2,93,27,Ceftriaxone,Diabetes,256,20.53,Tanzania,2024-12-04
3,15,7,Metformin,Analgesics,215,22.43,Uganda,2024-02-25
4,72,8,Amoxicillin,Diabetes,30,21.4,Uganda,2024-12-24
5,61,3,Insulin,Analgesics,281,17.0,Uganda,2024-05-17
6,21,22,Amoxicillin,Antibiotics,412,3.87,Uganda,2024-04-11
7,83,2,Metformin,Antibiotics,482,7.28,Uganda,2024-11-29
8,87,23,Insulin,Diabetes,237,1.63,Kenya,2024-06-25
9,75,15,Ceftriaxone,Analgesics,248,23.31,Kenya,2024-06-17
10,75,24,Metformin,Analgesics,368,16.69,Tanzania,2024-12-04
11,88,22,Ceftriaxone,Antibiotics,495,18.79,Kenya,2024-10-12
12,100,22,Paracetamol,Antibiotics,25,8.13,Kenya,2024-09-17
13,24,5,Metformin,Diabetes,74,21.22,Kenya,2024-08-10
14,3,24,Paracetamol,Antibiotics,206,6.86,Uganda,2024-07-17
15,22,1,Metformin,Diabetes,490,0.54,Uganda,2024-07-29
16,53,26,Metformin,Antibiotics,494,9.72,Tanzania,2024-10-13
17,2,4,Paracetamol,Antibiotics,314,14.48,Tanzania,2024-06-28
18,88,15,Insulin,Analgesics,94,12.23,Tanzania,2024-09-06
19,30,20,Amoxicillin,Antibiotics,375,21.62,Uganda,2024-08-18
20,38,19,Ceftriaxone,Antibiotics,127,3.08,Kenya,2024-01-23
21,2,3,Metformin,Diabetes,425,14.07,Kenya,2024-02-17
22,64,20,Ceftriaxone,Antibiotics,25,13.07,Uganda,2024-04-18
23,60,11,Paracetamol,Diabetes,334,7.39,Tanzania,2024-10-22
24,21,17,Ceftriaxone,Antibiotics,355,20.64,Tanzania,2024-01-06
25,33,30,Paracetamol,Antibiotics,116,18.94,Tanzania,2024-02-07
26,76,27,Ceftriaxone,Diabetes,48,18.46,Uganda,2024-06-17
27,58,13,Amoxicillin,Analgesics,226,21.97,Tanzania,2024-12-21
28,22,11,Amoxicillin,Diabetes,266,18.21,Tanzania,2024-10-09
29,89,2,Amoxicillin,Diabetes,99,6.18,Uganda,2024-07-21
30,49,9,Amoxicillin,Diabetes,459,17.79,Kenya,2024-11-20
31,91,26,Amoxicillin,Analgesics,11,8.04,Uganda,2024-11-08
32,59,2,Amoxicillin,Antibiotics,85,6.43,Uganda,2024-09-29
33,42,21,Paracetamol,Diabetes,405,2.29,Uganda,2024-08-31
34,92,9,Metformin,Diabetes,214,18.73,Uganda,2024-11-22
35,60,9,Ceftriaxone,Analgesics,173,17.92,Kenya,2024-02-16
36,80,8,Amoxicillin,Diabetes,391,6.25,Tanzania,2024-09-05
37,15,17,Paracetamol,Antibiotics,209,18.86,Uganda,2024-03-19
38,62,1,Paracetamol,Analgesics,448,22.99,Kenya,2024-04-19
39,62,25,Paracetamol,Antibiotics,382,3.15,Tanzania,2024-01-13
40,47,29,Metformin,Antibiotics,64,6.2,Tanzania,2024-12-30
41,62,11,Ceftriaxone,Analgesics,258,18.88,Tanzania,2024-03-30
42,51,8,Metformin,Diabetes,332,7.23,Uganda,2024-12-07
43,55,10,Insulin,Antibiotics,121,15.8,Uganda,2024-12-13
44,64,25,Paracetamol,Antibiotics,298,2.49,Tanzania,2024-10-06
45,3,7,Insulin,Antibiotics,466,11.58,Tanzania,2024-08-08
46,51,3,Amoxicillin,Antibiotics,54,18.61,Tanzania,2024-03-13
47,7,3,Amoxicillin,Analgesics,331,17.32,Tanzania,2024-08-21
48,21,18,Metformin,Analgesics,272,20.47,Tanzania,2024-09-16
49,73,5,Ceftriaxone,Antibiotics,241,22.0,Tanzania,2024-04-22
50,39,12,Insulin,Diabetes,243,19.44,Kenya,2024-02-15
51,18,12,Ceftriaxone,Antibiotics,18,16.95,Tanzania,2024-09-30
52,4,19,Metformin,Diabetes,483,1.28,Uganda,2024-02-12
53,89,30,Amoxicillin,Antibiotics,187,13.61,Uganda,2024-07-26
54,60,6,Ceftriaxone,Diabetes,346,1.42,Uganda,2024-12-14
55,14,2,Ceftriaxone,Antibiotics,144,20.3,Tanzania,2024-04-12
56,9,12,Amoxicillin,Diabetes,262,8.36,Uganda,2024-05-03
57,90,19,Insulin,Antibiotics,441,14.28,Kenya,2024-01-10
58,53,5,Amoxicillin,Antibiotics,364,7.35,Tanzania,2024-11-24
59,2,12,Ceftriaxone,Diabetes,491,19.67,Uganda,2024-07-05
60,84,27,Insulin,Analgesics,431,22.22,Kenya,2024-01-31
61,92,27,Insulin,Diabetes,239,10.27,Kenya,2024-06-04
62,60,17,Amoxicillin,Analgesics,304,21.64,Uganda,2024-02-29
63,71,29,Ceftriaxone,Antibiotics,298,7.04,Kenya,2024-09-05
64,44,17,Metformin,Diabetes,76,13.6,Uganda,2024-09-26
65,8,10,Ceftriaxone,Diabetes,188,21.54,Kenya,2024-08-04
66,47,25,Paracetamol,Diabetes,333,8.48,Tanzania,2024-01-02
67,35,23,Metformin,Analgesics,388,23.87,Tanzania,2024-01-24
68,78,17,Insulin,Analgesics,487,3.49,Tanzania,2024-07-24
69,81,15,Metformin,Antibiotics,246,0.95,Tanzania,2024-11-15
70,36,12,Insulin,Analgesics,130,22.65,Tanzania,2024-07-17
71,50,30,Insulin,Analgesics,474,2.18,Uganda,2024-12-21
72,4,16,Metformin,Antibiotics,315,24.8,Tanzania,2024-04-23
73,2,24,Insulin,Diabetes,411,23.81,Tanzania,2024-10-06
74,6,19,Insulin,Diabetes,283,3.86,Tanzania,2024-06-03
75,54,8,Paracetamol,Antibiotics,79,13.67,Tanzania,2024-06-13
76,4,21,Ceftriaxone,Diabetes,72,5.03,Kenya,2024-08-09
77,54,17,Ceftriaxone,Analgesics,263,10.99,Tanzania,2024-03-31
78,93,23,Paracetamol,Antibiotics,191,2.0,Tanzania,2024-06-15
79,63,5,Metformin,Antibiotics,367,5.99,Uganda,2024-07-25
80,18,22,Amoxicillin,Antibiotics,375,9.4,Kenya,2024-10-08
81,90,16,Amoxicillin,Diabetes,430,11.25,Uganda,2024-03-05
82,44,6,Amoxicillin,Antibiotics,63,24.45,Tanzania,2024-01-04
83,34,8,Paracetamol,Antibiotics,488,20.29,Uganda,2024-06-05
84,74,25,Paracetamol,Antibiotics,380,18.57,Uganda,2024-09-05
85,62,18,Insulin,Diabetes,12,13.66,Tanzania,2024-09-13
86,100,25,Amoxicillin,Analgesics,141,21.08,Kenya,2024-08-22
87,14,12,Metformin,Antibiotics,254,8.81,Kenya,2024-11-01
88,95,15,Metformin,Analgesics,43,17.87,Uganda,2024-03-14
89,48,27,Amoxicillin,Diabetes,17,24.85,Tanzania,2024-07-05
90,15,26,Amoxicillin,Diabetes,63,8.21,Uganda,2024-03-02
91,72,9,Amoxicillin,Diabetes,253,17.01,Uganda,2024-12-02
92,78,13,Paracetamol,Diabetes,465,21.19,Uganda,2024-06-12
93,87,26,Paracetamol,Analgesics,376,22.94,Tanzania,2024-02-25
94,62,15,Paracetamol,Antibiotics,292,18.09,Tanzania,2024-04-20
95,40,10,Ceftriaxone,Diabetes,469,7.45,Kenya,2024-08-05
96,85,16,Metformin,Diabetes,8,8.49,Tanzania,2024-08-27
97,80,7,Metformin,Analgesics,325,1.01,Uganda,2024-01-21
98,82,17,Insulin,Analgesics,90,19.14,Uganda,2024-05-20
99,53,23,Paracetamol,Diabetes,208,1.55,Kenya,2024-09-21
100,24,26,Ceftriaxone,Antibiotics,292,21.68,Tanzania,2024-05-18
101,26,21,Ceftriaxone,Antibiotics,284,3.41,Uganda,2024-03-10
102,89,22,Metformin,Diabetes,118,4.71,Kenya,2024-04-27
103,60,26,Paracetamol,Analgesics,349,12.17,Kenya,2024-07-16
104,41,7,Insulin,Diabetes,175,18.58,Uganda,2024-07-23
105,29,14,Paracetamol,Diabetes,76,3.91,Uganda,2024-08-01
106,15,15,Amoxicillin,Analgesics,101,11.28,Tanzania,2024-02-25
107,45,21,Paracetamol,Diabetes,414,12.33,Kenya,2024-10-13
108,65,7,Amoxicillin,Diabetes,151,5.7,Uganda,2024-10-19
109,89,9,Amoxicillin,Diabetes,400,3.33,Kenya,2024-06-23
110,71,19,Insulin,Analgesics,270,20.99,Tanzania,2024-12-12
111,9,16,Metformin,Antibiotics,458,12.81,Uganda,2024-05-07
112,88,8,Paracetamol,Antibiotics,71,0.85,Tanzania,2024-11-20
113,1,18,Amoxicillin,Analgesics,493,20.17,Kenya,2024-10-18
114,8,27,Paracetamol,Antibiotics,180,24.53,Tanzania,2024-10-14
115,88,23,Metformin,Diabetes,124,15.35,Tanzania,2024-08-13
116,63,29,Metformin,Antibiotics,381,12.84,Kenya,2024-03-04
117,11,18,Ceftriaxone,Diabetes,293,22.02,Tanzania,2024-02-17
118,81,30,Metformin,Antibiotics,285,23.84,Kenya,2024-07-20
119,8,20,Insulin,Analgesics,195,18.99,Uganda,2024-12-02
120,35,7,Amoxicillin,Antibiotics,399,11.41,Kenya,2024-02-29
121,35,3,Ceftriaxone,Antibiotics,228,15.01,Kenya,2024-09-13
122,33,18,Insulin,Antibiotics,431,17.67,Uganda,2024-03-05
123,5,27,Paracetamol,Analgesics,430,5.26,Kenya,2024-08-26
124,41,10,Amoxicillin,Antibiotics,436,11.46,Uganda,2024-10-15
125,28,7,Metformin,Analgesics,275,20.83,Uganda,2024-02-07
126,7,17,Amoxicillin,Diabetes,461,16.54,Kenya,2024-01-25
127,73,14,Paracetamol,Antibiotics,106,10.57,Tanzania,2024-02-28
128,72,24,Ceftriaxone,Analgesics,21,16.75,Tanzania,2024-12-22
129,12,3,Ceftriaxone,Analgesics,64,3.4,Uganda,2024-10-23
130,34,12,Ceftriaxone,Antibiotics,165,10.34,Tanzania,2024-06-06
131,33,28,Metformin,Diabetes,27,19.93,Tanzania,2024-02-26
132,48,13,Insulin,Analgesics,311,5.9,Kenya,2024-02-17
133,23,2,Insulin,Antibiotics,285,5.06,Uganda,2024-11-23
134,62,3,Amoxicillin,Diabetes,148,23.8,Uganda,2024-02-25
135,88,5,Metformin,Analgesics,281,5.64,Kenya,2024-03-05
136,37,11,Ceftriaxone,Analgesics,326,6.89,Tanzania,2024-09-24
137,99,8,Ceftriaxone,Diabetes,319,24.26,Uganda,2024-03-09
138,44,26,Paracetamol,Diabetes,164,18.5,Tanzania,2024-08-03
139,86,23,Paracetamol,Antibiotics,386,17.64,Uganda,2024-03-29
140,91,23,Ceftriaxone,Antibiotics,406,21.4,Uganda,2024-10-07
141,35,12,Ceftriaxone,Analgesics,224,3.34,Uganda,2024-09-13
142,65,7,Metformin,Diabetes,272,17.8,Uganda,2024-06-08
143,99,15,Insulin,Diabetes,146,12.84,Tanzania,2024-08-21
144,47,24,Paracetamol,Diabetes,453,20.81,Tanzania,2024-05-10
145,78,17,Insulin,Analgesics,438,12.95,Tanzania,2024-02-18
146,3,4,Metformin,Diabetes,356,15.7,Tanzania,2024-05-26
147,1,29,Ceftriaxone,Diabetes,30,12.2,Kenya,2024-11-11
148,5,22,Insulin,Analgesics,45,12.21,Uganda,2024-01-02
149,90,25,Ceftriaxone,Antibiotics,275,19.32,Uganda,2024-11-24
150,14,13,Ceftriaxone,Antibiotics,471,15.9,Uganda,2024-05-24
151,27,18,Amoxicillin,Analgesics,34,16.01,Kenya,2024-03-01
152,9,1,Insulin,Diabetes,141,11.53,Tanzania,2024-09-29
153,79,16,Insulin,Analgesics,427,13.51,Uganda,2024-02-18
154,15,13,Ceftriaxone,Antibiotics,318,18.77,Tanzania,2024-11-27
155,90,10,Metformin,Antibiotics,374,20.74,Tanzania,2024-05-10
156,42,12,Amoxicillin,Analgesics,221,17.57,Kenya,2024-02-12
157,77,30,Ceftriaxone,Analgesics,356,23.14,Kenya,2024-02-26
158,51,2,Paracetamol,Antibiotics,22,20.6,Tanzania,2024-02-19
159,63,23,Paracetamol,Analgesics,180,14.27,Uganda,2024-06-26
160,96,3,Amoxicillin,Antibiotics,436,16.95,Uganda,2024-10-19
161,52,10,Metformin,Analgesics,367,23.19,Kenya,2024-02-15
162,96,2,Ceftriaxone,Analgesics,420,15.67,Kenya,2024-06-18
163,4,30,Insulin,Analgesics,329,20.71,Kenya,2024-09-27
164,94,27,Amoxicillin,Antibiotics,231,17.38,Kenya,2024-12-01
165,23,23,Metformin,Analgesics,499,14.02,Kenya,2024-05-18
166,15,13,Insulin,Antibiotics,403,6.43,Kenya,2024-09-03
167,43,13,Paracetamol,Antibiotics,38,10.94,Kenya,2024-05-27
168,29,18,Paracetamol,Analgesics,70,24.21,Uganda,2024-08-17
169,36,3,Insulin,Analgesics,116,16.62,Kenya,2024-10-06
170,13,27,Amoxicillin,Antibiotics,239,14.33,Kenya,2024-05-04
171,32,7,Paracetamol,Antibiotics,335,23.36,Uganda,2024-07-10
172,71,14,Ceftriaxone,Diabetes,441,14.87,Uganda,2024-03-20
173,59,20,Insulin,Antibiotics,148,13.39,Tanzania,2024-04-03
174,86,29,Insulin,Diabetes,9,19.1,Kenya,2024-08-13
175,28,30,Paracetamol,Diabetes,288,17.96,Kenya,2024-03-05
176,66,17,Amoxicillin,Diabetes,388,5.23,Kenya,2024-03-28
177,42,29,Ceftriaxone,Analgesics,50,12.05,Kenya,2024-03-28
178,45,30,Amoxicillin,Analgesics,338,12.08,Tanzania,2024-07-19
179,62,21,Metformin,Antibiotics,5,9.77,Uganda,2024-08-01
180,57,12,Metformin,Diabetes,404,13.17,Uganda,2024-07-22
181,6,25,Paracetamol,Analgesics,343,10.62,Kenya,2024-03-29
182,28,16,Paracetamol,Analgesics,126,5.38,Kenya,2024-03-01
183,28,24,Paracetamol,Analgesics,75,10.6,Kenya,2024-09-27
184,44,12,Metformin,Analgesics,165,2.27,Tanzania,2024-04-03
185,84,15,Amoxicillin,Analgesics,278,14.61,Tanzania,2024-11-02
186,30,25,Amoxicillin,Diabetes,442,21.41,Uganda,2024-01-27
187,62,10,Paracetamol,Diabetes,324,18.27,Kenya,2024-08-01
188,75,30,Ceftriaxone,Diabetes,477,9.33,Kenya,2024-03-14
189,92,25,Amoxicillin,Diabetes,300,2.63,Kenya,2024-03-01
190,89,7,Metformin,Antibiotics,290,5.45,Kenya,2024-07-04
191,62,20,Insulin,Diabetes,77,13.86,Tanzania,2024-01-31
192,97,5,Insulin,Analgesics,298,5.57,Uganda,2024-08-06
193,1,1,Insulin,Diabetes,137,13.83,Uganda,2024-01-12
194,27,30,Ceftriaxone,Antibiotics,106,6.17,Tanzania,2024-10-28
195,62,17,Paracetamol,Analgesics,95,21.3,Kenya,2024-02-01
196,77,3,Metformin,Diabetes,135,10.23,Uganda,2024-06-08
197,3,13,Ceftriaxone,Diabetes,68,6.52,Uganda,2024-08-24
198,70,14,Metformin,Diabetes,147,20.4,Tanzania,2024-08-14
199,72,24,Metformin,Analgesics,490,8.9,Kenya,2024-06-29
200,27,30,Paracetamol,Analgesics,478,3.23,Uganda,2024-11-12
201,9,18,Insulin,Antibiotics,159,14.48,Kenya,2024-02-15
202,62,4,Paracetamol,Analgesics,384,14.75,Uganda,2024-12-06
203,37,18,Ceftriaxone,Analgesics,163,18.01,Tanzania,2024-03-20
204,97,30,Ceftriaxone,Diabetes,441,6.39,Kenya,2024-05-14
205,51,5,Ceftriaxone,Analgesics,341,11.37,Tanzania,2024-09-16
206,44,25,Paracetamol,Diabetes,189,7.42,Uganda,2024-11-03
207,24,16,Metformin,Diabetes,415,2.48,Tanzania,2024-09-03
208,79,1,Metformin,Analgesics,339,21.98,Tanzania,2024-06-07
209,59,21,Amoxicillin,Antibiotics,95,18.36,Tanzania,2024-07-21
210,32,14,Ceftriaxone,Antibiotics,181,7.89,Uganda,2024-04-21
211,96,15,Metformin,Analgesics,288,15.18,Kenya,2024-10-18
212,88,9,Amoxicillin,Antibiotics,322,5.43,Tanzania,2024-11-05
213,52,15,Metformin,Diabetes,187,22.31,Kenya,2024-04-28
214,62,17,Ceftriaxone,Diabetes,372,3.32,Uganda,2024-01-17
215,58,25,Insulin,Analgesics,138,0.59,Kenya,2024-11-26
216,52,24,Ceftriaxone,Antibiotics,130,12.8,Tanzania,2024-08-14
217,12,4,Paracetamol,Antibiotics,194,14.79,Tanzania,2024-12-26
218,39,12,Metformin,Diabetes,316,14.68,Tanzania,2024-04-26
219,2,27,Metformin,Analgesics,472,1.84,Tanzania,2024-02-12
220,3,26,Paracetamol,Antibiotics,273,8.19,Tanzania,2024-04-24
221,56,5,Paracetamol,Analgesics,352,12.73,Tanzania,2024-10-09
222,81,29,Insulin,Antibiotics,144,5.81,Uganda,2024-02-06
223,59,5,Metformin,Diabetes,16,21.88,Uganda,2024-10-28
224,2,11,Metformin,Diabetes,302,2.63,Uganda,2024-04-22
225,2,28,Insulin,Analgesics,423,12.44,Kenya,2024-02-04
226,92,6,Amoxicillin,Diabetes,245,17.44,Kenya,2024-05-11
227,54,7,Insulin,Antibiotics,415,6.91,Uganda,2024-12-01
228,87,24,Ceftriaxone,Diabetes,107,15.79,Kenya,2024-12-01
229,96,14,Metformin,Analgesics,88,20.82,Kenya,2024-08-15
230,97,24,Paracetamol,Analgesics,129,5.16,Tanzania,2024-05-26
231,1,11,Ceftriaxone,Analgesics,395,22.97,Tanzania,2024-05-01
232,19,30,Metformin,Antibiotics,375,14.06,Kenya,2024-03-21
233,2,13,Insulin,Antibiotics,341,7.83,Kenya,2024-06-21
234,53,2,Ceftriaxone,Antibiotics,4,11.06,Uganda,2024-06-02
235,44,25,Metformin,Antibiotics,327,8.15,Kenya,2024-05-29
236,90,7,Amoxicillin,Antibiotics,410,18.27,Tanzania,2024-02-27
237,32,20,Amoxicillin,Diabetes,367,20.01,Kenya,2024-03-03
238,70,4,Paracetamol,Antibiotics,306,20.91,Uganda,2024-06-04
239,32,27,Metformin,Antibiotics,396,24.65,Tanzania,2024-12-21
240,68,8,Amoxicillin,Diabetes,95,19.89,Tanzania,2024-11-17
241,55,20,Insulin,Antibiotics,209,15.23,Tanzania,2024-06-16
242,75,29,Metformin,Analgesics,225,8.81,Tanzania,2024-06-14
243,56,22,Insulin,Antibiotics,459,13.84,Kenya,2024-03-25
244,17,21,Insulin,Antibiotics,348,1.51,Uganda,2024-05-16
245,38,19,Amoxicillin,Analgesics,480,18.75,Kenya,2024-07-07
246,24,13,Metformin,Analgesics,321,11.43,Kenya,2024-01-02
247,69,14,Ceftriaxone,Analgesics,47,0.99,Tanzania,2024-04-15
248,98,10,Amoxicillin,Analgesics,476,2.03,Uganda,2024-12-29
249,70,11,Amoxicillin,Antibiotics,181,9.99,Tanzania,2024-03-12
250,86,2,Metformin,Analgesics,106,14.79,Kenya,2024-05-05
251,11,25,Metformin,Analgesics,199,11.87,Kenya,2024-06-18
252,16,26,Insulin,Diabetes,386,15.67,Tanzania,2024-07-23
253,97,9,Metformin,Analgesics,106,12.27,Kenya,2024-11-08
254,73,17,Insulin,Analgesics,280,16.71,Kenya,2024-12-02
255,59,26,Amoxicillin,Diabetes,260,5.87,Tanzania,2024-07-13
256,70,3,Paracetamol,Diabetes,108,3.26,Kenya,2024-06-06
257,80,24,Ceftriaxone,Antibiotics,19,15.11,Uganda,2024-05-20
258,93,6,Amoxicillin,Diabetes,410,12.37,Tanzania,2024-10-01
259,3,5,Metformin,Antibiotics,459,1.16,Uganda,2024-01-07
260,20,5,Ceftriaxone,Diabetes,296,9.82,Kenya,2024-02-23
261,59,22,Paracetamol,Diabetes,306,3.1,Kenya,2024-04-13
262,36,15,Paracetamol,Antibiotics,171,13.52,Tanzania,2024-12-07
263,19,23,Insulin,Diabetes,331,10.2,Kenya,2024-12-03
264,90,17,Ceftriaxone,Antibiotics,493,15.52,Tanzania,2024-03-01
265,67,9,Insulin,Diabetes,195,20.24,Tanzania,2024-03-27
266,19,3,Amoxicillin,Analgesics,12,7.84,Tanzania,2024-09-14
267,20,20,Ceftriaxone,Diabetes,195,24.07,Tanzania,2024-06-26
268,96,26,Amoxicillin,Antibiotics,490,13.62,Tanzania,2024-08-29
269,71,17,Insulin,Diabetes,283,15.65,Uganda,2024-07-21
270,52,29,Ceftriaxone,Antibiotics,369,17.18,Tanzania,2024-01-31
271,33,27,Insulin,Antibiotics,182,16.83,Uganda,2024-10-15
272,40,10,Ceftriaxone,Analgesics,450,13.02,Kenya,2024-03-20
273,39,3,Insulin,Analgesics,305,11.0,Tanzania,2024-01-11
274,82,18,Paracetamol,Antibiotics,144,1.82,Kenya,2024-09-10
275,1,18,Insulin,Diabetes,386,1.04,Tanzania,2024-10-13
276,11,30,Paracetamol,Antibiotics,316,9.27,Uganda,2024-06-24
277,92,17,Insulin,Antibiotics,182,8.67,Uganda,2024-05-05
278,57,24,Ceftriaxone,Diabetes,30,10.0,Uganda,2024-02-16
279,89,3,Ceftriaxone,Diabetes,84,3.89,Kenya,2024-07-24
280,50,3,Ceftriaxone,Diabetes,166,18.59,Tanzania,2024-04-16
281,23,6,Metformin,Diabetes,284,21.5,Kenya,2024-10-01
282,31,13,Amoxicillin,Antibiotics,281,23.5,Uganda,2024-12-02
283,94,24,Ceftriaxone,Antibiotics,96,12.56,Kenya,2024-05-02
284,42,29,Paracetamol,Analgesics,381,17.67,Uganda,2024-05-13
285,99,15,Ceftriaxone,Antibiotics,266,21.46,Uganda,2024-04-16
286,7,25,Metformin,Diabetes,444,10.75,Uganda,2024-10-31
287,16,9,Paracetamol,Analgesics,298,8.08,Tanzania,2024-11-24
288,90,4,Metformin,Diabetes,296,23.45,Tanzania,2024-02-19
289,60,14,Paracetamol,Antibiotics,225,13.13,Uganda,2024-12-02
290,2,5,Insulin,Analgesics,333,12.68,Kenya,2024-04-04
291,1,2,Amoxicillin,Diabetes,361,4.87,Kenya,2024-09-24
292,48,11,Amoxicillin,Analgesics,374,3.15,Tanzania,2024-01-23
293,12,9,Metformin,Analgesics,42,21.13,Uganda,2024-02-23
294,69,24,Amoxicillin,Antibiotics,303,15.55,Kenya,2024-09-10
295,37,3,Metformin,Diabetes,421,8.48,Uganda,2024-08-22
296,32,27,Metformin,Analgesics,246,5.2,Kenya,2024-02-28
297,9,28,Metformin,Analgesics,208,14.11,Tanzania,2024-06-12
298,99,29,Amoxicillin,Diabetes,237,14.81,Uganda,2024-09-15
299,19,9,Metformin,Analgesics,22,5.57,Uganda,2024-11-09
300,48,3,Amoxicillin,Analgesics,185,21.36,Kenya,2024-08-03
301,80,25,Metformin,Analgesics,468,2.56,Kenya,2024-07-01
302,3,2,Ceftriaxone,Diabetes,242,9.22,Kenya,2024-02-26
303,20,12,Metformin,Diabetes,363,17.17,Uganda,2024-05-24
304,24,10,Paracetamol,Diabetes,283,7.22,Tanzania,2024-03-30
305,54,9,Metformin,Diabetes,41,20.78,Tanzania,2024-11-06
306,33,15,Insulin,Antibiotics,336,18.63,Kenya,2024-02-14
307,24,8,Metformin,Analgesics,162,19.83,Tanzania,2024-09-13
308,75,25,Paracetamol,Diabetes,160,3.42,Kenya,2024-01-21
309,72,5,Paracetamol,Analgesics,474,3.94,Tanzania,2024-01-21
310,36,11,Amoxicillin,Analgesics,89,7.52,Uganda,2024-02-21
311,38,27,Ceftriaxone,Antibiotics,322,13.19,Kenya,2024-12-03
312,84,2,Metformin,Diabetes,12,18.83,Tanzania,2024-06-19
313,99,24,Amoxicillin,Diabetes,424,21.0,Uganda,2024-03-07
314,89,28,Ceftriaxone,Analgesics,73,17.76,Tanzania,2024-04-22
315,99,15,Metformin,Diabetes,76,23.25,Uganda,2024-10-26
316,25,6,Insulin,Analgesics,346,18.6,Uganda,2024-06-08
317,93,8,Metformin,Analgesics,201,8.0,Tanzania,2024-09-22
318,18,27,Paracetamol,Antibiotics,10,6.99,Tanzania,2024-11-15
319,82,5,Paracetamol,Antibiotics,352,17.56,Uganda,2024-08-19
320,66,16,Insulin,Antibiotics,226,5.23,Uganda,2024-11-20
321,54,26,Amoxicillin,Analgesics,176,2.77,Uganda,2024-03-08
322,35,18,Ceftriaxone,Diabetes,276,13.54,Kenya,2024-01-28
323,80,6,Metformin,Antibiotics,39,20.63,Uganda,2024-04-25
324,61,5,Paracetamol,Diabetes,60,2.98,Kenya,2024-02-20
325,41,28,Amoxicillin,Antibiotics,66,19.9,Uganda,2024-06-29
326,100,16,Insulin,Antibiotics,321,20.38,Kenya,2024-09-16
327,33,13,Paracetamol,Analgesics,435,12.32,Uganda,2024-03-19
328,68,28,Insulin,Antibiotics,124,1.9,Uganda,2024-09-29
329,33,5,Metformin,Antibiotics,164,4.78,Uganda,2024-04-17
330,14,13,Ceftriaxone,Analgesics,408,17.83,Tanzania,2024-03-14
331,21,17,Paracetamol,Diabetes,411,17.94,Tanzania,2024-06-23
332,48,18,Paracetamol,Antibiotics,386,22.51,Uganda,2024-07-02
333,20,8,Metformin,Analgesics,159,14.78,Kenya,2024-01-23
334,8,13,Amoxicillin,Antibiotics,57,3.54,Kenya,2024-09-30
335,7,30,Ceftriaxone,Analgesics,78,3.47,Uganda,2024-05-08
336,67,29,Paracetamol,Diabetes,194,18.17,Tanzania,2024-10-17
337,17,19,Ceftriaxone,Diabetes,285,5.0,Kenya,2024-11-15
338,33,26,Paracetamol,Analgesics,15,8.55,Tanzania,2024-07-04
339,48,3,Ceftriaxone,Analgesics,12,12.44,Kenya,2024-02-28
340,76,24,Insulin,Analgesics,101,1.11,Uganda,2024-01-01
341,59,8,Paracetamol,Diabetes,156,6.6,Tanzania,2024-05-10
342,86,2,Ceftriaxone,Antibiotics,340,10.49,Kenya,2024-03-07
343,22,8,Amoxicillin,Diabetes,125,7.35,Uganda,2024-10-19
344,30,27,Insulin,Analgesics,359,3.84,Uganda,2024-10-11
345,38,13,Insulin,Analgesics,280,18.34,Uganda,2024-03-29
346,51,13,Amoxicillin,Diabetes,405,20.42,Tanzania,2024-04-09
347,54,1,Ceftriaxone,Analgesics,394,6.81,Tanzania,2024-07-07
348,8,6,Metformin,Diabetes,110,19.47,Uganda,2024-12-11
349,27,24,Amoxicillin,Analgesics,334,9.95,Tanzania,2024-08-28
350,27,19,Ceftriaxone,Antibiotics,357,12.91,Kenya,2024-09-26
351,98,16,Amoxicillin,Antibiotics,146,21.47,Uganda,2024-08-06
352,21,8,Amoxicillin,Analgesics,216,18.87,Uganda,2024-06-24
353,30,28,Paracetamol,Diabetes,398,20.23,Tanzania,2024-12-06
354,97,1,Ceftriaxone,Antibiotics,162,3.85,Uganda,2024-08-20
355,28,27,Metformin,Diabetes,128,2.21,Kenya,2024-05-30
356,64,27,Paracetamol,Analgesics,314,22.39,Tanzania,2024-10-03
357,97,16,Amoxicillin,Diabetes,332,10.0,Tanzania,2024-08-16
358,69,9,Amoxicillin,Antibiotics,150,7.55,Uganda,2024-06-19
359,61,13,Amoxicillin,Diabetes,454,18.26,Uganda,2024-08-10
360,48,11,Ceftriaxone,Diabetes,36,20.99,Uganda,2024-07-31
361,19,13,Ceftriaxone,Analgesics,173,21.63,Tanzania,2024-10-08
362,4,25,Paracetamol,Analgesics,420,8.24,Uganda,2024-02-10
363,35,21,Metformin,Analgesics,22,21.38,Kenya,2024-05-01
364,64,10,Paracetamol,Antibiotics,206,1.5,Uganda,2024-08-14
365,49,4,Insulin,Antibiotics,127,1.72,Uganda,2024-10-20
366,17,27,Amoxicillin,Analgesics,336,15.78,Tanzania,2024-03-28
367,44,6,Amoxicillin,Analgesics,445,2.05,Uganda,2024-09-23
368,92,28,Amoxicillin,Antibiotics,356,8.45,Tanzania,2024-01-29
369,30,7,Paracetamol,Antibiotics,440,16.98,Uganda,2024-09-03
370,93,5,Paracetamol,Antibiotics,217,8.76,Kenya,2024-11-11
371,46,11,Amoxicillin,Antibiotics,96,4.9,Kenya,2024-08-31
372,6,13,Paracetamol,Analgesics,417,7.39,Tanzania,2024-03-01
373,99,26,Ceftriaxone,Antibiotics,429,11.71,Tanzania,2024-05-26
374,37,25,Ceftriaxone,Analgesics,164,12.15,Uganda,2024-06-22
375,24,19,Paracetamol,Diabetes,148,19.68,Uganda,2024-10-04
376,93,23,Amoxicillin,Diabetes,18,18.88,Kenya,2024-11-29
377,46,10,Paracetamol,Antibiotics,294,11.69,Uganda,2024-05-21
378,53,10,Paracetamol,Diabetes,195,21.22,Kenya,2024-02-13
379,95,11,Paracetamol,Diabetes,151,3.3,Tanzania,2024-05-23
380,99,21,Insulin,Diabetes,480,6.76,Uganda,2024-12-18
381,60,30,Ceftriaxone,Antibiotics,365,20.79,Tanzania,2024-11-28
382,97,7,Metformin,Antibiotics,123,9.76,Uganda,2024-02-24
383,63,18,Metformin,Diabetes,400,24.54,Kenya,2024-11-02
384,85,4,Insulin,Analgesics,187,11.92,Tanzania,2024-12-23
385,32,2,Paracetamol,Diabetes,453,19.9,Tanzania,2024-06-09
386,87,14,Insulin,Antibiotics,452,10.36,Uganda,2024-10-11
387,33,13,Insulin,Antibiotics,149,10.91,Tanzania,2024-11-20
388,67,29,Amoxicillin,Antibiotics,104,9.88,Kenya,2024-07-16
389,18,12,Ceftriaxone,Diabetes,243,18.12,Tanzania,2024-06-07
390,25,7,Metformin,Analgesics,462,13.91,Tanzania,2024-03-20
391,95,2,Paracetamol,Antibiotics,231,23.62,Uganda,2024-01-31
392,54,13,Metformin,Antibiotics,479,6.65,Tanzania,2024-04-21
393,58,14,Metformin,Diabetes,206,2.96,Uganda,2024-02-15
394,67,27,Ceftriaxone,Analgesics,198,10.13,Uganda,2024-12-18
395,46,17,Metformin,Diabetes,396,15.61,Tanzania,2024-07-23
396,24,9,Metformin,Antibiotics,400,21.59,Kenya,2024-02-21
397,32,17,Insulin,Analgesics,337,8.98,Uganda,2024-05-17
398,47,8,Ceftriaxone,Analgesics,493,16.52,Tanzania,2024-03-14
399,86,2,Amoxicillin,Antibiotics,87,9.08,Uganda,2024-02-10
400,23,28,Paracetamol,Analgesics,142,15.62,Kenya,2024-03-17
401,66,24,Metformin,Analgesics,317,22.18,Kenya,2024-07-05
402,27,13,Paracetamol,Diabetes,199,6.17,Uganda,2024-02-21
403,2,3,Amoxicillin,Antibiotics,46,10.4,Kenya,2024-03-27
404,90,16,Paracetamol,Antibiotics,288,24.83,Tanzania,2024-04-18
405,17,6,Amoxicillin,Antibiotics,15,21.78,Tanzania,2024-08-12
406,33,19,Insulin,Antibiotics,44,14.33,Uganda,2024-09-04
407,9,30,Metformin,Antibiotics,401,13.16,Kenya,2024-03-09
408,43,7,Amoxicillin,Analgesics,169,7.47,Tanzania,2024-04-29
409,48,10,Paracetamol,Diabetes,310,13.17,Tanzania,2024-03-07
410,39,9,Metformin,Antibiotics,495,21.28,Tanzania,2024-03-01
411,93,2,Insulin,Diabetes,44,17.29,Uganda,2024-11-22
412,42,28,Metformin,Diabetes,98,7.61,Uganda,2024-07-09
413,26,28,Amoxicillin,Analgesics,261,5.44,Tanzania,2024-07-07
414,99,15,Insulin,Antibiotics,109,7.0,Tanzania,2024-05-30
415,50,30,Paracetamol,Analgesics,283,4.66,Kenya,2024-10-12
416,25,5,Insulin,Antibiotics,372,2.84,Kenya,2024-04-05
417,24,29,Insulin,Analgesics,343,10.77,Kenya,2024-11-07
418,13,22,Ceftriaxone,Diabetes,104,3.28,Uganda,2024-11-04
419,60,4,Insulin,Antibiotics,256,4.71,Tanzania,2024-09-19
420,7,20,Insulin,Diabetes,379,13.91,Uganda,2024-04-06
421,57,4,Metformin,Diabetes,206,4.53,Tanzania,2024-04-22
422,36,18,Paracetamol,Analgesics,335,2.07,Kenya,2024-05-04
423,45,4,Metformin,Antibiotics,43,8.28,Kenya,2024-05-11
424,20,27,Metformin,Diabetes,353,5.9,Kenya,2024-04-30
425,65,17,Amoxicillin,Analgesics,245,13.12,Kenya,2024-07-15
426,8,12,Metformin,Antibiotics,287,3.01,Tanzania,2024-10-20
427,16,22,Ceftriaxone,Antibiotics,355,18.92,Kenya,2024-05-01
428,14,17,Ceftriaxone,Diabetes,273,22.7,Tanzania,2024-10-08
429,76,10,Amoxicillin,Antibiotics,476,18.71,Tanzania,2024-09-16
430,87,22,Paracetamol,Diabetes,83,13.55,Uganda,2024-02-08
431,15,1,Paracetamol,Antibiotics,110,21.59,Kenya,2024-02-23
432,92,22,Metformin,Analgesics,438,17.53,Kenya,2024-06-09
433,98,26,Metformin,Diabetes,190,0.76,Uganda,2024-10-15
434,66,24,Metformin,Diabetes,471,10.16,Tanzania,2024-07-18
435,32,27,Paracetamol,Antibiotics,288,21.35,Kenya,2024-10-02
436,87,18,Insulin,Antibiotics,424,8.97,Tanzania,2024-01-16
437,63,18,Ceftriaxone,Diabetes,397,1.36,Uganda,2024-06-21
438,86,14,Insulin,Antibiotics,251,18.78,Tanzania,2024-09-04
439,51,15,Insulin,Analgesics,212,20.15,Kenya,2024-08-05
440,25,29,Paracetamol,Antibiotics,291,4.43,Tanzania,2024-03-27
441,58,12,Insulin,Analgesics,133,13.66,Tanzania,2024-03-22
442,63,4,Amoxicillin,Analgesics,201,5.2,Kenya,2024-03-02
443,62,27,Metformin,Analgesics,285,18.12,Kenya,2024-10-13
444,22,3,Amoxicillin,Analgesics,326,7.15,Tanzania,2024-02-11
445,58,20,Ceftriaxone,Analgesics,409,8.25,Tanzania,2024-01-12
446,58,29,Metformin,Antibiotics,95,21.2,Uganda,2024-11-16
447,86,12,Insulin,Analgesics,278,12.17,Kenya,2024-08-21
448,49,7,Ceftriaxone,Antibiotics,450,16.91,Tanzania,2024-11-24
449,52,29,Metformin,Analgesics,429,10.36,Kenya,2024-05-10
450,42,11,Insulin,Diabetes,325,7.8,Uganda,2024-04-24
451,70,1,Amoxicillin,Analgesics,219,15.82,Tanzania,2024-08-05
452,15,6,Metformin,Diabetes,89,4.29,Tanzania,2024-05-16
453,54,15,Insulin,Analgesics,72,9.64,Tanzania,2024-04-15
454,60,15,Amoxicillin,Analgesics,247,5.62,Kenya,2024-06-27
455,97,19,Ceftriaxone,Analgesics,129,17.55,Uganda,2024-01-16
456,8,11,Ceftriaxone,Diabetes,212,23.63,Kenya,2024-08-29
457,53,26,Ceftriaxone,Diabetes,428,24.89,Tanzania,2024-11-29
458,60,23,Ceftriaxone,Analgesics,343,11.53,Uganda,2024-08-13
459,5,26,Paracetamol,Antibiotics,96,6.69,Tanzania,2024-08-29
460,68,2,Metformin,Analgesics,75,11.35,Tanzania,2024-05-20
461,6,14,Metformin,Diabetes,423,21.26,Kenya,2024-07-17
462,96,2,Paracetamol,Analgesics,495,5.55,Tanzania,2024-04-21
463,94,29,Insulin,Diabetes,54,23.83,Uganda,2024-05-06
464,47,4,Insulin,Diabetes,344,8.88,Tanzania,2024-01-21
465,99,17,Ceftriaxone,Diabetes,459,24.65,Tanzania,2024-05-26
466,55,3,Amoxicillin,Analgesics,413,21.05,Kenya,2024-03-29
467,40,13,Insulin,Diabetes,54,20.31,Uganda,2024-10-29
468,52,9,Amoxicillin,Diabetes,218,8.29,Kenya,2024-07-21
469,16,7,Metformin,Analgesics,16,0.72,Tanzania,2024-03-25
470,13,15,Amoxicillin,Diabetes,99,9.86,Kenya,2024-06-15
471,30,23,Metformin,Analgesics,20,7.89,Kenya,2024-03-12
472,19,29,Paracetamol,Diabetes,46,1.42,Kenya,2024-10-24
473,17,29,Paracetamol,Antibiotics,451,12.88,Kenya,2024-01-09
474,63,11,Ceftriaxone,Antibiotics,193,10.37,Tanzania,2024-10-07
475,19,20,Insulin,Diabetes,383,16.05,Tanzania,2024-09-14
476,92,2,Ceftriaxone,Antibiotics,58,15.72,Uganda,2024-10-01
477,58,15,Metformin,Analgesics,437,3.46,Kenya,2024-08-25
478,55,14,Ceftriaxone,Antibiotics,111,24.44,Kenya,2024-01-20
479,90,20,Amoxicillin,Diabetes,129,5.08,Uganda,2024-08-20
480,90,22,Metformin,Diabetes,337,11.41,Kenya,2024-08-08
481,62,11,Paracetamol,Analgesics,194,12.46,Uganda,2024-11-21
482,23,27,Insulin,Diabetes,413,20.42,Tanzania,2024-01-17
483,9,3,Metformin,Analgesics,340,2.93,Uganda,2024-03-29
484,12,17,Metformin,Antibiotics,326,11.0,Kenya,2024-07-14
485,1,30,Amoxicillin,Antibiotics,8,15.9,Uganda,2024-12-15
486,58,12,Insulin,Analgesics,29,5.77,Tanzania,2024-03-24
487,1,24,Paracetamol,Analgesics,112,15.87,Kenya,2024-03-27
488,34,28,Metformin,Diabetes,435,23.13,Tanzania,2024-11-02
489,96,29,Metformin,Antibiotics,161,24.94,Tanzania,2024-12-03
490,48,21,Amoxicillin,Analgesics,131,1.3,Uganda,2024-06-02
491,89,15,Ceftriaxone,Antibiotics,188,6.27,Tanzania,2024-08-15
492,1,16,Paracetamol,Analgesics,163,8.1,Kenya,2024-09-20
493,16,5,Insulin,Antibiotics,197,10.28,Tanzania,2024-08-10
494,61,27,Metformin,Diabetes,475,6.44,Tanzania,2024-04-30
495,64,20,Metformin,Antibiotics,364,5.49,Uganda,2024-06-21
496,63,6,Paracetamol,Antibiotics,204,23.89,Tanzania,2024-01-04
497,69,19,Ceftriaxone,Antibiotics,212,23.0,Uganda,2024-12-07
498,22,25,Metformin,Antibiotics,109,1.65,Uganda,2024-05-07
499,93,5,Paracetamol,Antibiotics,276,8.8,Kenya,2024-04-19
500,67,3,Amoxicillin,Diabetes,73,10.43,Kenya,2024-12-20
501,76,27,Ceftriaxone,Analgesics,167,6.36,Kenya,2024-02-06
502,26,1,Insulin,Antibiotics,260,15.91,Kenya,2024-03-11
503,16,26,Metformin,Diabetes,243,16.19,Uganda,2024-10-15
504,51,28,Paracetamol,Antibiotics,275,21.34,Tanzania,2024-01-31
505,86,6,Amoxicillin,Antibiotics,102,18.65,Kenya,2024-09-24
506,57,15,Insulin,Analgesics,475,13.79,Kenya,2024-01-11
507,29,2,Paracetamol,Antibiotics,173,16.51,Kenya,2024-12-09
508,78,29,Paracetamol,Diabetes,171,7.21,Tanzania,2024-11-23
509,92,3,Insulin,Diabetes,141,15.03,Kenya,2024-02-01
510,69,17,Amoxicillin,Analgesics,397,12.49,Tanzania,2024-02-26
511,47,25,Amoxicillin,Antibiotics,188,3.77,Uganda,2024-06-14
512,94,24,Ceftriaxone,Diabetes,441,6.44,Uganda,2024-07-06
513,62,12,Metformin,Antibiotics,86,7.65,Uganda,2024-12-07
514,69,18,Insulin,Antibiotics,476,23.15,Tanzania,2024-01-19
515,76,15,Insulin,Antibiotics,52,6.14,Kenya,2024-04-25
516,16,12,Insulin,Analgesics,111,7.59,Kenya,2024-07-02
517,90,16,Amoxicillin,Antibiotics,437,9.55,Kenya,2024-09-26
518,90,27,Metformin,Diabetes,365,16.76,Kenya,2024-02-02
519,48,8,Ceftriaxone,Antibiotics,342,3.4,Kenya,2024-01-10
520,85,28,Paracetamol,Diabetes,43,23.87,Tanzania,2024-03-20
521,39,14,Paracetamol,Antibiotics,211,21.71,Uganda,2024-07-10
522,100,25,Insulin,Diabetes,456,14.64,Kenya,2024-11-15
523,33,17,Metformin,Diabetes,200,17.01,Uganda,2024-07-08
524,94,29,Amoxicillin,Antibiotics,298,0.91,Tanzania,2024-03-08
525,23,21,Metformin,Antibiotics,346,8.8,Tanzania,2024-12-13
526,10,8,Metformin,Diabetes,240,19.99,Kenya,2024-05-04
527,69,15,Amoxicillin,Analgesics,115,2.4,Tanzania,2024-12-01
528,100,27,Insulin,Antibiotics,26,7.42,Uganda,2024-02-28
529,34,14,Metformin,Analgesics,407,14.84,Kenya,2024-04-06
530,52,18,Paracetamol,Antibiotics,299,6.78,Kenya,2024-10-01
531,95,20,Amoxicillin,Antibiotics,77,23.38,Uganda,2024-05-28
532,10,7,Ceftriaxone,Antibiotics,412,3.71,Kenya,2024-10-04
533,19,3,Insulin,Antibiotics,137,20.04,Kenya,2024-09-21
534,58,29,Amoxicillin,Analgesics,20,12.94,Uganda,2024-01-09
535,96,12,Ceftriaxone,Antibiotics,440,18.88,Kenya,2024-10-09
536,1,21,Ceftriaxone,Diabetes,211,8.11,Kenya,2024-09-29
537,69,24,Metformin,Diabetes,240,13.1,Uganda,2024-10-27
538,4,28,Metformin,Analgesics,39,21.49,Tanzania,2024-01-08
539,16,26,Metformin,Antibiotics,435,11.94,Uganda,2024-07-26
540,24,3,Amoxicillin,Diabetes,268,9.31,Kenya,2024-05-04
541,80,20,Amoxicillin,Analgesics,207,13.64,Uganda,2024-05-02
542,2,14,Insulin,Antibiotics,479,18.08,Kenya,2024-02-02
543,92,15,Metformin,Diabetes,439,11.37,Kenya,2024-01-01
544,32,25,Ceftriaxone,Diabetes,462,23.5,Uganda,2024-07-22
545,91,30,Paracetamol,Analgesics,267,7.73,Kenya,2024-01-06
546,84,14,Insulin,Antibiotics,154,12.15,Tanzania,2024-10-23
547,24,7,Amoxicillin,Antibiotics,42,19.04,Kenya,2024-01-05
548,12,17,Insulin,Diabetes,411,17.38,Uganda,2024-03-20
549,50,30,Insulin,Diabetes,11,21.66,Tanzania,2024-09-30
550,35,12,Insulin,Diabetes,294,24.92,Tanzania,2024-06-25
551,33,20,Insulin,Antibiotics,98,10.96,Kenya,2024-12-03
552,33,4,Paracetamol,Analgesics,427,3.22,Uganda,2024-11-16
553,61,9,Metformin,Analgesics,275,1.25,Kenya,2024-12-04
554,51,6,Ceftriaxone,Antibiotics,448,18.31,Kenya,2024-05-15
555,43,16,Insulin,Analgesics,390,21.91,Uganda,2024-01-25
556,12,25,Insulin,Diabetes,430,5.91,Uganda,2024-11-20
557,67,28,Insulin,Analgesics,372,4.38,Kenya,2024-07-01
558,65,22,Metformin,Analgesics,230,2.02,Tanzania,2024-06-16
559,33,22,Amoxicillin,Analgesics,369,20.66,Kenya,2024-12-03
560,40,21,Amoxicillin,Diabetes,426,8.13,Tanzania,2024-06-26
561,74,21,Paracetamol,Antibiotics,220,10.34,Kenya,2024-04-04
562,43,2,Amoxicillin,Diabetes,65,12.82,Uganda,2024-02-02
563,44,24,Insulin,Antibiotics,355,21.07,Tanzania,2024-04-20
564,29,8,Insulin,Antibiotics,232,16.45,Uganda,2024-05-25
565,13,11,Insulin,Antibiotics,328,15.57,Uganda,2024-08-18
566,12,13,Paracetamol,Analgesics,443,4.8,Uganda,2024-09-28
567,95,17,Insulin,Analgesics,52,13.07,Uganda,2024-12-01
568,46,8,Amoxicillin,Antibiotics,374,18.03,Uganda,2024-02-07
569,2,21,Metformin,Antibiotics,431,24.34,Kenya,2024-05-14
570,35,18,Metformin,Analgesics,376,5.43,Tanzania,2024-11-29
571,87,30,Ceftriaxone,Diabetes,263,0.73,Kenya,2024-08-22
572,81,18,Amoxicillin,Antibiotics,267,2.34,Kenya,2024-11-14
573,90,14,Insulin,Diabetes,359,9.71,Kenya,2024-12-10
574,8,15,Metformin,Analgesics,317,20.6,Uganda,2024-06-08
575,93,6,Amoxicillin,Antibiotics,324,0.67,Kenya,2024-02-07
576,26,11,Metformin,Diabetes,409,11.69,Tanzania,2024-05-29
577,74,13,Insulin,Diabetes,396,8.57,Kenya,2024-11-03
578,90,25,Metformin,Diabetes,154,1.79,Uganda,2024-01-29
579,34,1,Ceftriaxone,Analgesics,358,11.53,Tanzania,2024-05-23
580,7,28,Ceftriaxone,Analgesics,366,6.74,Tanzania,2024-03-16
581,68,6,Metformin,Diabetes,140,9.12,Tanzania,2024-05-24
582,58,9,Amoxicillin,Diabetes,427,17.79,Tanzania,2024-08-16
583,75,8,Amoxicillin,Analgesics,51,13.28,Kenya,2024-03-04
584,29,11,Amoxicillin,Diabetes,117,3.55,Uganda,2024-12-12
585,36,22,Metformin,Diabetes,421,24.05,Tanzania,2024-12-10
586,89,19,Amoxicillin,Analgesics,46,16.08,Tanzania,2024-09-25
587,21,24,Insulin,Diabetes,309,19.26,Uganda,2024-11-23
588,36,9,Ceftriaxone,Diabetes,88,2.44,Kenya,2024-07-02
589,10,17,Insulin,Diabetes,208,1.65,Tanzania,2024-09-17
590,73,12,Amoxicillin,Analgesics,377,0.98,Kenya,2024-09-24
591,24,25,Insulin,Diabetes,269,5.13,Kenya,2024-06-17
592,64,14,Amoxicillin,Analgesics,89,10.65,Kenya,2024-09-15
593,99,15,Metformin,Analgesics,381,23.43,Kenya,2024-08-14
594,49,16,Insulin,Antibiotics,118,11.7,Tanzania,2024-02-02
595,99,22,Metformin,Antibiotics,54,7.61,Tanzania,2024-08-01
596,36,22,Metformin,Diabetes,441,14.27,Kenya,2024-02-19
597,82,28,Paracetamol,Analgesics,116,3.24,Kenya,2024-07-28
598,96,20,Amoxicillin,Antibiotics,118,15.43,Uganda,2024-01-29
599,24,1,Ceftriaxone,Diabetes,260,14.43,Uganda,2024-02-08
600,23,10,Amoxicillin,Antibiotics,75,19.9,Uganda,2024-12-12
601,62,8,Ceftriaxone,Antibiotics,480,24.67,Tanzania,2024-04-09
602,96,18,Amoxicillin,Analgesics,305,6.65,Uganda,2024-06-21
603,37,28,Metformin,Analgesics,7,12.99,Tanzania,2024-01-17
604,12,1,Insulin,Antibiotics,366,22.77,Tanzania,2024-02-25
605,55,2,Insulin,Antibiotics,122,19.74,Tanzania,2024-08-13
606,13,1,Paracetamol,Analgesics,11,12.44,Tanzania,2024-02-15
607,23,1,Ceftriaxone,Diabetes,348,23.66,Uganda,2024-03-07
608,89,9,Ceftriaxone,Analgesics,438,1.9,Kenya,2024-07-15
609,99,13,Ceftriaxone,Antibiotics,489,23.31,Kenya,2024-05-21
610,30,30,Metformin,Diabetes,215,1.74,Kenya,2024-11-18
611,17,1,Ceftriaxone,Antibiotics,429,13.91,Uganda,2024-01-23
612,62,13,Insulin,Diabetes,279,22.32,Kenya,2024-04-03
613,84,20,Metformin,Antibiotics,498,6.94,Uganda,2024-08-29
614,89,26,Amoxicillin,Diabetes,28,12.07,Uganda,2024-08-24
615,86,22,Ceftriaxone,Diabetes,235,8.45,Uganda,2024-02-23
616,13,7,Ceftriaxone,Antibiotics,367,23.83,Kenya,2024-05-17
617,59,2,Amoxicillin,Diabetes,313,20.68,Kenya,2024-11-28
618,19,6,Ceftriaxone,Analgesics,26,17.87,Kenya,2024-09-28
619,49,7,Amoxicillin,Antibiotics,409,14.9,Tanzania,2024-02-10
620,100,26,Metformin,Analgesics,54,20.6,Uganda,2024-04-07
621,12,14,Insulin,Antibiotics,29,10.11,Tanzania,2024-07-01
622,61,26,Amoxicillin,Diabetes,467,11.47,Uganda,2024-05-07
623,19,18,Paracetamol,Diabetes,353,18.39,Kenya,2024-08-16
624,76,15,Amoxicillin,Diabetes,164,9.26,Uganda,2024-11-12
625,9,2,Ceftriaxone,Antibiotics,270,2.07,Uganda,2024-03-26
626,71,10,Metformin,Analgesics,334,2.32,Tanzania,2024-09-12
627,28,23,Metformin,Analgesics,35,3.33,Uganda,2024-07-27
628,78,12,Amoxicillin,Antibiotics,286,21.81,Kenya,2024-08-02
629,95,17,Insulin,Antibiotics,348,12.07,Uganda,2024-04-09
630,52,8,Paracetamol,Analgesics,273,17.97,Uganda,2024-02-18
631,83,11,Metformin,Analgesics,451,10.13,Uganda,2024-07-19
632,16,29,Ceftriaxone,Analgesics,208,6.84,Tanzania,2024-09-14
633,69,3,Ceftriaxone,Analgesics,238,9.01,Uganda,2024-06-26
634,99,27,Insulin,Antibiotics,414,19.96,Uganda,2024-09-01
635,12,6,Metformin,Antibiotics,93,15.82,Tanzania,2024-05-02
636,25,9,Amoxicillin,Diabetes,173,23.47,Tanzania,2024-12-07
637,52,6,Ceftriaxone,Analgesics,79,17.15,Tanzania,2024-06-19
638,85,9,Insulin,Diabetes,110,14.47,Tanzania,2024-11-28
639,100,7,Metformin,Antibiotics,217,15.45,Kenya,2024-05-15
640,53,9,Metformin,Antibiotics,435,23.59,Kenya,2024-02-28
641,23,18,Metformin,Diabetes,358,19.81,Uganda,2024-07-11
642,16,12,Metformin,Analgesics,106,1.09,Kenya,2024-09-24
643,57,8,Metformin,Analgesics,47,13.59,Uganda,2024-09-16
644,39,8,Ceftriaxone,Analgesics,181,17.36,Kenya,2024-04-04
645,53,18,Insulin,Analgesics,64,18.84,Tanzania,2024-05-04
646,42,28,Metformin,Diabetes,246,5.72,Tanzania,2024-02-10
647,58,30,Paracetamol,Diabetes,244,21.75,Kenya,2024-09-10
648,39,20,Paracetamol,Antibiotics,422,23.92,Kenya,2024-01-07
649,14,30,Insulin,Analgesics,320,6.3,Uganda,2024-08-03
650,95,15,Amoxicillin,Analgesics,87,22.12,Uganda,2024-03-09
651,5,27,Amoxicillin,Analgesics,217,2.88,Uganda,2024-03-09
652,35,7,Amoxicillin,Diabetes,490,1.86,Tanzania,2024-03-21
653,87,11,Paracetamol,Analgesics,7,3.67,Tanzania,2024-01-30
654,93,20,Amoxicillin,Diabetes,278,1.91,Tanzania,2024-03-13
655,75,16,Ceftriaxone,Analgesics,337,21.2,Tanzania,2024-09-18
656,18,4,Metformin,Analgesics,210,1.95,Uganda,2024-03-29
657,76,6,Paracetamol,Antibiotics,497,7.16,Tanzania,2024-07-26
658,9,26,Insulin,Analgesics,169,3.04,Tanzania,2024-07-31
659,74,22,Insulin,Analgesics,330,7.74,Tanzania,2024-11-17
660,58,26,Metformin,Antibiotics,138,2.72,Tanzania,2024-09-22
661,17,3,Paracetamol,Diabetes,441,16.87,Kenya,2024-10-19
662,7,9,Amoxicillin,Diabetes,391,3.77,Uganda,2024-07-25
663,46,28,Amoxicillin,Analgesics,496,21.37,Uganda,2024-11-28
664,13,10,Ceftriaxone,Diabetes,381,20.52,Tanzania,2024-03-17
665,40,14,Ceftriaxone,Analgesics,306,0.83,Kenya,2024-10-14
666,42,11,Amoxicillin,Antibiotics,230,22.45,Uganda,2024-02-16
667,9,18,Insulin,Antibiotics,475,1.21,Uganda,2024-04-19
668,50,22,Insulin,Analgesics,308,6.37,Tanzania,2024-07-18
669,27,12,Ceftriaxone,Antibiotics,161,1.29,Tanzania,2024-07-28
670,66,23,Metformin,Antibiotics,1,8.73,Uganda,2024-06-02
671,5,12,Amoxicillin,Analgesics,236,13.09,Uganda,2024-01-10
672,29,13,Ceftriaxone,Analgesics,437,20.02,Kenya,2024-12-18
673,37,25,Ceftriaxone,Antibiotics,188,8.78,Uganda,2024-06-05
674,38,13,Amoxicillin,Diabetes,418,17.78,Uganda,2024-09-17
675,83,19,Amoxicillin,Diabetes,4,5.09,Tanzania,2024-03-17
676,8,26,Insulin,Analgesics,401,18.89,Uganda,2024-09-13
677,65,19,Metformin,Analgesics,132,6.28,Tanzania,2024-05-10
678,86,23,Metformin,Diabetes,427,4.02,Uganda,2024-03-07
679,17,14,Amoxicillin,Antibiotics,218,5.04,Uganda,2024-08-15
680,71,4,Paracetamol,Diabetes,260,4.96,Uganda,2024-06-11
681,89,13,Ceftriaxone,Diabetes,1,13.07,Kenya,2024-01-15
682,45,8,Ceftriaxone,Diabetes,71,21.2,Tanzania,2024-08-19
683,4,29,Amoxicillin,Diabetes,478,2.45,Kenya,2024-07-13
684,36,23,Paracetamol,Analgesics,178,17.82,Uganda,2024-12-14
685,70,21,Insulin,Analgesics,457,16.53,Kenya,2024-01-30
686,31,23,Amoxicillin,Antibiotics,189,21.88,Tanzania,2024-12-24
687,19,19,Amoxicillin,Antibiotics,291,6.48,Uganda,2024-12-03
688,61,12,Ceftriaxone,Antibiotics,8,11.53,Kenya,2024-11-26
689,54,18,Amoxicillin,Antibiotics,253,23.18,Kenya,2024-11-11
690,39,6,Amoxicillin,Diabetes,408,16.67,Tanzania,2024-10-22
691,91,18,Amoxicillin,Analgesics,467,10.02,Kenya,2024-11-25
692,74,19,Ceftriaxone,Analgesics,292,3.72,Tanzania,2024-08-07
693,90,22,Insulin,Antibiotics,434,6.93,Uganda,2024-05-26
694,19,5,Insulin,Antibiotics,244,14.74,Uganda,2024-09-15
695,39,24,Amoxicillin,Diabetes,123,18.1,Kenya,2024-10-18
696,67,9,Ceftriaxone,Diabetes,299,3.55,Uganda,2024-10-25
697,45,27,Insulin,Antibiotics,283,15.19,Uganda,2024-05-22
698,13,3,Insulin,Analgesics,32,13.98,Kenya,2024-08-22
699,92,28,Insulin,Analgesics,334,13.09,Uganda,2024-04-24
700,58,10,Ceftriaxone,Analgesics,377,17.41,Kenya,2024-12-30
701,20,19,Ceftriaxone,Antibiotics,146,21.02,Tanzania,2024-03-30
702,92,3,Amoxicillin,Analgesics,156,8.41,Tanzania,2024-07-26
703,72,29,Metformin,Diabetes,413,22.28,Tanzania,2024-06-12
704,61,29,Insulin,Diabetes,16,4.44,Kenya,2024-03-24
705,39,22,Metformin,Antibiotics,355,4.74,Kenya,2024-03-17
706,1,15,Ceftriaxone,Diabetes,47,7.04,Uganda,2024-06-09
707,3,1,Ceftriaxone,Antibiotics,251,3.43,Uganda,2024-01-05
708,77,7,Ceftriaxone,Analgesics,187,6.14,Uganda,2024-03-18
709,92,12,Metformin,Analgesics,31,3.11,Uganda,2024-03-31
710,62,17,Ceftriaxone,Analgesics,260,20.63,Uganda,2024-03-27
711,63,30,Amoxicillin,Diabetes,421,3.9,Kenya,2024-09-26
712,25,21,Ceftriaxone,Antibiotics,17,18.81,Kenya,2024-04-13
713,56,26,Paracetamol,Analgesics,39,1.67,Tanzania,2024-12-04
714,33,29,Metformin,Antibiotics,304,23.74,Tanzania,2024-06-23
715,38,24,Paracetamol,Analgesics,430,17.92,Tanzania,2024-02-23
716,6,20,Ceftriaxone,Diabetes,474,0.67,Tanzania,2024-07-29
717,58,5,Amoxicillin,Diabetes,432,19.21,Kenya,2024-04-04
718,44,4,Insulin,Antibiotics,39,13.1,Kenya,2024-08-10
719,45,28,Ceftriaxone,Diabetes,489,19.59,Kenya,2024-01-09
720,32,12,Amoxicillin,Diabetes,132,13.3,Uganda,2024-02-22
721,45,30,Metformin,Antibiotics,30,16.21,Uganda,2024-03-17
722,61,20,Paracetamol,Analgesics,158,19.77,Tanzania,2024-07-24
723,47,28,Paracetamol,Diabetes,278,10.43,Uganda,2024-11-11
724,21,24,Paracetamol,Antibiotics,203,0.57,Kenya,2024-10-28
725,80,18,Metformin,Diabetes,66,21.32,Tanzania,2024-11-05
726,85,17,Amoxicillin,Diabetes,108,9.83,Tanzania,2024-11-25
727,75,19,Metformin,Diabetes,268,12.65,Uganda,2024-04-21
728,36,9,Paracetamol,Diabetes,222,0.69,Tanzania,2024-12-16
729,99,4,Ceftriaxone,Antibiotics,292,12.56,Uganda,2024-06-13
730,19,26,Insulin,Antibiotics,18,24.67,Uganda,2024-10-05
731,20,21,Metformin,Antibiotics,90,7.32,Tanzania,2024-01-27
732,57,2,Metformin,Diabetes,181,10.19,Uganda,2024-03-10
733,18,4,Amoxicillin,Diabetes,255,17.34,Uganda,2024-08-05
734,47,2,Amoxicillin,Diabetes,455,20.46,Uganda,2024-12-30
735,49,15,Metformin,Antibiotics,253,10.73,Uganda,2024-07-07
736,14,2,Paracetamol,Diabetes,257,8.09,Tanzania,2024-11-28
737,15,4,Insulin,Analgesics,383,23.48,Kenya,2024-11-01
738,31,6,Amoxicillin,Diabetes,442,17.09,Kenya,2024-05-03
739,1,7,Paracetamol,Analgesics,346,3.42,Uganda,2024-01-19
740,54,10,Ceftriaxone,Diabetes,87,2.19,Uganda,2024-09-13
741,3,19,Amoxicillin,Antibiotics,90,12.35,Uganda,2024-10-22
742,16,19,Paracetamol,Diabetes,237,5.89,Kenya,2024-01-22
743,87,26,Paracetamol,Analgesics,390,6.72,Uganda,2024-02-09
744,57,22,Insulin,Analgesics,70,22.0,Tanzania,2024-02-07
745,75,29,Insulin,Diabetes,44,2.69,Tanzania,2024-02-17
746,12,12,Ceftriaxone,Analgesics,200,18.03,Tanzania,2024-07-01
747,74,3,Paracetamol,Analgesics,152,7.14,Kenya,2024-03-15
748,96,13,Paracetamol,Antibiotics,86,19.13,Uganda,2024-07-27
749,16,18,Insulin,Diabetes,19,18.2,Uganda,2024-07-01
750,72,8,Amoxicillin,Diabetes,101,0.68,Uganda,2024-04-16
751,76,21,Amoxicillin,Diabetes,402,12.97,Kenya,2024-07-06
752,24,15,Metformin,Analgesics,95,3.91,Kenya,2024-09-20
753,28,1,Insulin,Diabetes,254,21.72,Kenya,2024-03-26
754,8,3,Metformin,Diabetes,357,21.85,Kenya,2024-11-19
755,92,26,Insulin,Antibiotics,30,10.75,Tanzania,2024-11-26
756,36,8,Ceftriaxone,Antibiotics,249,11.39,Kenya,2024-05-16
757,90,4,Paracetamol,Antibiotics,426,7.93,Kenya,2024-12-11
758,8,16,Ceftriaxone,Analgesics,33,18.06,Kenya,2024-12-01
759,58,30,Insulin,Diabetes,458,9.29,Uganda,2024-04-04
760,60,23,Paracetamol,Antibiotics,229,7.06,Uganda,2024-11-21
761,50,10,Amoxicillin,Antibiotics,12,11.09,Uganda,2024-09-01
762,28,12,Amoxicillin,Antibiotics,118,2.74,Tanzania,2024-03-30
763,92,14,Metformin,Diabetes,350,18.79,Tanzania,2024-02-28
764,41,14,Insulin,Diabetes,155,0.81,Kenya,2024-01-28
765,100,2,Insulin,Diabetes,423,16.29,Uganda,2024-03-12
766,64,23,Amoxicillin,Analgesics,393,4.98,Tanzania,2024-09-26
767,27,5,Ceftriaxone,Analgesics,246,6.19,Uganda,2024-01-24
768,63,5,Paracetamol,Antibiotics,405,16.07,Tanzania,2024-04-21
769,17,6,Ceftriaxone,Diabetes,332,24.83,Tanzania,2024-10-26
770,73,13,Ceftriaxone,Antibiotics,247,19.55,Kenya,2024-02-25
771,33,9,Amoxicillin,Diabetes,29,6.03,Kenya,2024-08-10
772,84,30,Amoxicillin,Diabetes,161,4.81,Tanzania,2024-04-29
773,77,22,Amoxicillin,Diabetes,235,21.72,Kenya,2024-06-27
774,92,28,Metformin,Analgesics,190,11.38,Tanzania,2024-10-14
775,29,29,Ceftriaxone,Analgesics,117,3.86,Tanzania,2024-10-07
776,13,15,Insulin,Diabetes,271,21.62,Uganda,2024-07-07
777,46,14,Paracetamol,Antibiotics,258,20.49,Kenya,2024-03-06
778,35,24,Metformin,Diabetes,180,24.61,Kenya,2024-10-24
779,6,7,Insulin,Diabetes,487,22.79,Kenya,2024-09-05
780,82,25,Ceftriaxone,Antibiotics,373,21.37,Uganda,2024-03-16
781,69,20,Amoxicillin,Diabetes,172,1.79,Uganda,2024-05-16
782,47,2,Ceftriaxone,Antibiotics,438,3.06,Uganda,2024-06-12
783,25,7,Paracetamol,Analgesics,274,14.44,Kenya,2024-08-20
784,66,6,Metformin,Analgesics,259,13.52,Kenya,2024-09-11
785,10,17,Metformin,Antibiotics,135,11.72,Kenya,2024-10-20
786,56,27,Paracetamol,Analgesics,171,10.22,Uganda,2024-06-18
787,30,25,Insulin,Analgesics,210,11.06,Uganda,2024-11-12
788,5,25,Insulin,Antibiotics,236,14.45,Tanzania,2024-06-22
789,33,28,Metformin,Analgesics,422,0.55,Uganda,2024-12-10
790,65,2,Metformin,Diabetes,421,6.89,Tanzania,2024-01-18
791,18,3,Amoxicillin,Diabetes,186,13.2,Kenya,2024-03-10
792,96,5,Insulin,Antibiotics,417,18.19,Uganda,2024-12-03
793,49,5,Paracetamol,Analgesics,364,4.77,Kenya,2024-04-25
794,11,1,Insulin,Diabetes,443,13.9,Kenya,2024-03-20
795,85,8,Amoxicillin,Diabetes,95,18.0,Kenya,2024-01-15
796,26,12,Metformin,Analgesics,378,11.39,Kenya,2024-06-24
797,63,24,Metformin,Analgesics,11,1.16,Uganda,2024-09-25
798,89,4,Amoxicillin,Diabetes,68,11.51,Kenya,2024-04-28
799,86,13,Paracetamol,Diabetes,379,7.76,Tanzania,2024-10-25
800,59,23,Metformin,Antibiotics,210,23.28,Uganda,2024-07-06
801,27,15,Ceftriaxone,Antibiotics,196,3.55,Kenya,2024-02-26
802,49,11,Metformin,Diabetes,369,16.49,Uganda,2024-07-17
803,77,10,Ceftriaxone,Antibiotics,98,1.79,Tanzania,2024-01-17
804,33,3,Amoxicillin,Diabetes,93,11.43,Kenya,2024-10-14
805,98,22,Amoxicillin,Diabetes,472,14.07,Tanzania,2024-02-24
806,99,14,Metformin,Antibiotics,22,7.8,Kenya,2024-09-25
807,1,16,Insulin,Antibiotics,450,11.65,Tanzania,2024-10-29
808,21,10,Ceftriaxone,Analgesics,172,4.51,Kenya,2024-03-27
809,55,29,Paracetamol,Analgesics,383,7.95,Uganda,2024-11-13
810,6,10,Metformin,Analgesics,134,15.72,Kenya,2024-01-29
811,92,12,Paracetamol,Diabetes,426,7.89,Uganda,2024-01-22
812,81,30,Metformin,Antibiotics,25,22.54,Kenya,2024-11-16
813,69,9,Insulin,Diabetes,185,15.9,Kenya,2024-10-11
814,95,1,Insulin,Antibiotics,85,11.25,Tanzania,2024-02-17
815,5,5,Insulin,Diabetes,55,1.45,Tanzania,2024-01-05
816,3,20,Insulin,Analgesics,251,12.74,Tanzania,2024-09-06
817,53,8,Amoxicillin,Analgesics,144,19.24,Kenya,2024-06-11
818,23,11,Amoxicillin,Analgesics,351,7.01,Kenya,2024-07-20
819,53,12,Ceftriaxone,Diabetes,398,20.27,Kenya,2024-04-10
820,37,1,Paracetamol,Antibiotics,167,6.67,Uganda,2024-03-11
821,74,25,Metformin,Antibiotics,412,20.68,Uganda,2024-06-11
822,74,22,Metformin,Analgesics,224,2.59,Kenya,2024-06-21
823,83,20,Amoxicillin,Analgesics,220,21.72,Tanzania,2024-05-20
824,17,28,Metformin,Analgesics,179,12.73,Tanzania,2024-05-17
825,85,25,Amoxicillin,Analgesics,119,7.77,Tanzania,2024-03-06
826,78,11,Ceftriaxone,Antibiotics,433,7.0,Kenya,2024-07-16
827,73,5,Paracetamol,Diabetes,265,11.08,Tanzania,2024-11-23
828,1,15,Ceftriaxone,Diabetes,442,24.98,Kenya,2024-08-15
829,51,5,Insulin,Diabetes,429,5.9,Uganda,2024-10-07
830,45,12,Insulin,Diabetes,150,3.03,Tanzania,2024-06-20
831,77,5,Insulin,Analgesics,416,14.83,Uganda,2024-11-11
832,4,17,Ceftriaxone,Analgesics,453,12.47,Tanzania,2024-02-09
833,62,17,Metformin,Analgesics,215,13.34,Kenya,2024-01-07
834,65,24,Paracetamol,Diabetes,197,16.84,Kenya,2024-06-22
835,32,12,Insulin,Analgesics,42,7.05,Kenya,2024-05-30
836,34,24,Insulin,Analgesics,53,22.81,Kenya,2024-07-29
837,92,28,Insulin,Antibiotics,480,11.17,Tanzania,2024-10-28
838,95,15,Paracetamol,Antibiotics,443,3.66,Uganda,2024-03-26
839,72,15,Insulin,Analgesics,330,18.69,Kenya,2024-09-09
840,39,6,Paracetamol,Antibiotics,251,16.26,Tanzania,2024-01-21
841,26,12,Insulin,Antibiotics,295,8.24,Uganda,2024-09-13
842,34,27,Ceftriaxone,Analgesics,378,15.73,Kenya,2024-02-02
843,54,29,Ceftriaxone,Analgesics,271,5.89,Uganda,2024-09-16
844,3,20,Paracetamol,Analgesics,455,11.4,Kenya,2024-08-21
845,50,18,Ceftriaxone,Analgesics,413,22.54,Uganda,2024-01-03
846,12,14,Paracetamol,Diabetes,123,3.77,Uganda,2024-12-12
847,65,2,Ceftriaxone,Diabetes,367,9.97,Kenya,2024-11-03
848,54,9,Ceftriaxone,Analgesics,387,20.62,Tanzania,2024-08-14
849,5,5,Paracetamol,Antibiotics,339,24.25,Uganda,2024-10-10
850,94,20,Metformin,Analgesics,266,11.62,Kenya,2024-03-10
851,94,26,Ceftriaxone,Analgesics,348,12.92,Uganda,2024-11-08
852,57,29,Insulin,Antibiotics,29,14.52,Uganda,2024-12-29
853,17,1,Metformin,Diabetes,463,23.34,Tanzania,2024-09-10
854,47,23,Paracetamol,Analgesics,35,21.53,Uganda,2024-05-23
855,23,3,Metformin,Analgesics,6,4.68,Uganda,2024-01-24
856,79,6,Amoxicillin,Diabetes,396,11.2,Kenya,2024-08-21
857,85,5,Amoxicillin,Diabetes,111,11.87,Kenya,2024-11-28
858,14,21,Ceftriaxone,Antibiotics,294,19.83,Tanzania,2024-06-23
859,66,27,Ceftriaxone,Diabetes,77,15.27,Uganda,2024-11-27
860,75,5,Insulin,Diabetes,349,16.53,Uganda,2024-11-20
861,51,1,Metformin,Diabetes,147,24.96,Uganda,2024-12-22
862,38,17,Amoxicillin,Antibiotics,67,2.34,Tanzania,2024-06-07
863,64,19,Ceftriaxone,Diabetes,392,5.96,Uganda,2024-12-13
864,98,14,Metformin,Diabetes,8,10.49,Kenya,2024-12-13
865,38,12,Ceftriaxone,Antibiotics,122,9.02,Tanzania,2024-10-12
866,50,10,Ceftriaxone,Diabetes,340,1.03,Kenya,2024-01-18
867,98,20,Amoxicillin,Diabetes,175,2.75,Kenya,2024-02-13
868,82,21,Amoxicillin,Antibiotics,388,17.18,Tanzania,2024-06-03
869,30,18,Ceftriaxone,Analgesics,179,22.04,Kenya,2024-12-20
870,79,24,Paracetamol,Antibiotics,85,13.1,Uganda,2024-08-18
871,91,27,Ceftriaxone,Diabetes,451,13.71,Tanzania,2024-11-11
872,51,11,Ceftriaxone,Diabetes,45,6.75,Kenya,2024-08-12
873,63,30,Insulin,Diabetes,136,19.31,Uganda,2024-08-04
874,98,2,Insulin,Antibiotics,343,18.92,Uganda,2024-02-25
875,52,25,Insulin,Diabetes,16,14.91,Kenya,2024-01-31
876,38,18,Paracetamol,Diabetes,333,5.71,Uganda,2024-12-22
877,97,29,Paracetamol,Antibiotics,195,2.88,Tanzania,2024-02-28
878,88,25,Ceftriaxone,Analgesics,496,2.07,Kenya,2024-12-18
879,79,7,Insulin,Analgesics,9,15.02,Uganda,2024-08-22
880,30,24,Paracetamol,Diabetes,316,20.71,Uganda,2024-04-16
881,51,15,Amoxicillin,Antibiotics,334,21.53,Kenya,2024-07-09
882,81,11,Ceftriaxone,Diabetes,333,11.86,Kenya,2024-01-18
883,5,18,Metformin,Antibiotics,327,19.71,Kenya,2024-08-13
884,29,23,Ceftriaxone,Antibiotics,15,23.7,Kenya,2024-06-15
885,4,12,Metformin,Analgesics,327,7.24,Tanzania,2024-03-11
886,10,6,Insulin,Analgesics,102,10.25,Kenya,2024-12-27
887,56,20,Metformin,Antibiotics,226,23.32,Tanzania,2024-02-23
888,17,23,Insulin,Diabetes,425,8.79,Tanzania,2024-09-01
889,74,30,Amoxicillin,Analgesics,278,22.89,Kenya,2024-12-15
890,17,13,Metformin,Diabetes,408,24.54,Tanzania,2024-03-16
891,84,20,Ceftriaxone,Analgesics,113,16.71,Kenya,2024-02-04
892,88,16,Insulin,Analgesics,485,20.51,Kenya,2024-09-23
893,69,18,Ceftriaxone,Diabetes,428,18.86,Uganda,2024-11-12
894,34,10,Paracetamol,Analgesics,1,17.64,Kenya,2024-10-26
895,6,28,Insulin,Analgesics,266,8.02,Uganda,2024-04-30
896,53,23,Metformin,Diabetes,491,1.9,Tanzania,2024-11-19
897,66,8,Insulin,Analgesics,208,8.9,Uganda,2024-01-25
898,77,18,Ceftriaxone,Analgesics,110,16.84,Tanzania,2024-06-08
899,43,21,Amoxicillin,Analgesics,200,3.01,Kenya,2024-03-24
900,75,1,Insulin,Diabetes,440,0.79,Tanzania,2024-04-23
901,23,23,Metformin,Antibiotics,369,3.92,Tanzania,2024-08-10
902,55,8,Paracetamol,Diabetes,473,18.04,Kenya,2024-06-14
903,80,29,Amoxicillin,Antibiotics,306,24.33,Tanzania,2024-07-09
904,95,6,Paracetamol,Analgesics,12,24.59,Kenya,2024-06-23
905,75,5,Insulin,Antibiotics,345,12.6,Uganda,2024-01-01
906,16,15,Ceftriaxone,Diabetes,465,21.8,Kenya,2024-08-16
907,8,22,Ceftriaxone,Diabetes,188,18.55,Kenya,2024-03-26
908,4,15,Metformin,Analgesics,154,12.78,Tanzania,2024-03-02
909,4,2,Ceftriaxone,Antibiotics,494,14.53,Uganda,2024-11-15
910,56,1,Amoxicillin,Analgesics,368,3.86,Kenya,2024-07-24
911,25,23,Ceftriaxone,Analgesics,334,23.47,Uganda,2024-04-14
912,67,23,Metformin,Diabetes,425,9.12,Uganda,2024-11-13
913,96,26,Insulin,Antibiotics,420,11.43,Tanzania,2024-10-17
914,67,11,Insulin,Antibiotics,377,16.96,Kenya,2024-09-06
915,27,10,Ceftriaxone,Antibiotics,279,8.68,Tanzania,2024-01-13
916,93,30,Paracetamol,Antibiotics,171,6.73,Kenya,2024-06-11
917,32,18,Insulin,Analgesics,134,15.96,Uganda,2024-02-12
918,50,18,Ceftriaxone,Analgesics,495,1.11,Kenya,2024-04-20
919,61,17,Metformin,Diabetes,453,18.16,Kenya,2024-07-23
920,51,26,Ceftriaxone,Analgesics,427,13.09,Uganda,2024-09-12
921,19,8,Insulin,Analgesics,25,15.34,Uganda,2024-11-02
922,21,15,Metformin,Diabetes,18,15.98,Kenya,2024-05-23
923,5,8,Ceftriaxone,Diabetes,190,13.41,Tanzania,2024-05-25
924,82,17,Amoxicillin,Diabetes,141,14.77,Kenya,2024-10-27
925,92,12,Metformin,Analgesics,43,17.25,Uganda,2024-06-12
926,42,27,Amoxicillin,Analgesics,334,18.95,Tanzania,2024-06-17
927,61,8,Paracetamol,Diabetes,284,18.32,Uganda,2024-10-24
928,22,25,Metformin,Diabetes,146,21.81,Uganda,2024-08-20
929,21,14,Amoxicillin,Diabetes,315,5.14,Tanzania,2024-09-27
930,70,4,Insulin,Analgesics,444,10.33,Uganda,2024-02-29
931,1,1,Insulin,Analgesics,319,23.72,Uganda,2024-10-22
932,5,1,Paracetamol,Antibiotics,441,10.22,Uganda,2024-08-22
933,12,19,Metformin,Analgesics,92,3.56,Uganda,2024-06-13
934,90,16,Metformin,Analgesics,179,13.37,Uganda,2024-07-12
935,46,14,Metformin,Analgesics,56,3.18,Uganda,2024-08-21
936,34,21,Paracetamol,Diabetes,155,5.47,Uganda,2024-07-01
937,49,16,Metformin,Analgesics,160,24.96,Uganda,2024-11-28
938,78,5,Insulin,Diabetes,111,13.76,Uganda,2024-08-19
939,90,9,Amoxicillin,Antibiotics,137,7.46,Kenya,2024-12-26
940,45,26,Insulin,Antibiotics,232,24.87,Kenya,2024-04-16
941,27,30,Insulin,Diabetes,480,24.18,Uganda,2024-08-10
942,73,28,Amoxicillin,Diabetes,468,11.3,Kenya,2024-03-20
943,26,2,Insulin,Diabetes,220,6.88,Tanzania,2024-08-21
944,47,18,Paracetamol,Analgesics,481,21.04,Kenya,2024-07-02
945,86,6,Amoxicillin,Antibiotics,68,18.03,Uganda,2024-07-03
946,56,9,Insulin,Diabetes,302,17.33,Uganda,2024-05-13
947,94,1,Ceftriaxone,Analgesics,249,22.38,Kenya,2024-08-07
948,63,9,Insulin,Antibiotics,482,17.39,Uganda,2024-10-14
949,48,25,Paracetamol,Analgesics,496,7.45,Tanzania,2024-12-29
950,61,16,Metformin,Antibiotics,323,17.5,Tanzania,2024-07-20
951,81,13,Insulin,Analgesics,410,7.99,Uganda,2024-05-25
952,26,9,Metformin,Antibiotics,392,19.1,Tanzania,2024-11-19
953,36,21,Ceftriaxone,Antibiotics,6,15.68,Tanzania,2024-05-06
954,1,13,Insulin,Analgesics,464,2.4,Kenya,2024-05-14
955,8,9,Amoxicillin,Diabetes,280,13.06,Tanzania,2024-04-23
956,99,11,Metformin,Antibiotics,432,8.91,Kenya,2024-09-20
957,52,4,Ceftriaxone,Diabetes,487,8.55,Uganda,2024-03-04
958,79,2,Amoxicillin,Analgesics,94,15.26,Kenya,2024-05-14
959,47,29,Amoxicillin,Diabetes,429,8.4,Uganda,2024-02-10
960,56,6,Amoxicillin,Diabetes,269,19.53,Uganda,2024-10-22
961,86,14,Amoxicillin,Diabetes,197,2.23,Uganda,2024-01-03
962,14,4,Insulin,Diabetes,25,16.68,Uganda,2024-07-12
963,90,6,Insulin,Diabetes,148,20.33,Uganda,2024-04-19
964,28,19,Insulin,Antibiotics,118,16.98,Kenya,2024-08-08
965,87,6,Ceftriaxone,Antibiotics,338,12.68,Uganda,2024-01-04
966,78,2,Ceftriaxone,Antibiotics,367,23.78,Tanzania,2024-08-31
967,88,18,Ceftriaxone,Analgesics,338,7.85,Tanzania,2024-06-14
968,2,13,Paracetamol,Diabetes,66,0.97,Uganda,2024-01-26
969,26,9,Ceftriaxone,Antibiotics,458,11.08,Tanzania,2024-01-17
970,14,23,Insulin,Analgesics,301,1.31,Kenya,2024-08-03
971,59,19,Insulin,Antibiotics,370,23.87,Kenya,2024-04-01
972,56,13,Paracetamol,Antibiotics,175,5.64,Uganda,2024-01-31
973,7,11,Paracetamol,Diabetes,319,19.83,Uganda,2024-07-23
974,3,1,Ceftriaxone,Analgesics,76,19.48,Uganda,2024-07-25
975,23,24,Metformin,Diabetes,495,5.83,Tanzania,2024-04-16
976,18,30,Paracetamol,Diabetes,461,15.72,Tanzania,2024-05-25
977,38,22,Amoxicillin,Antibiotics,114,1.68,Kenya,2024-04-10
978,99,7,Insulin,Diabetes,111,12.35,Tanzania,2024-11-13
979,15,25,Amoxicillin,Analgesics,249,0.86,Kenya,2024-08-28
980,64,21,Insulin,Diabetes,439,23.07,Tanzania,2024-09-03
981,89,15,Insulin,Diabetes,203,24.41,Kenya,2024-06-11
982,28,1,Paracetamol,Diabetes,147,5.95,Uganda,2024-06-21
983,74,12,Paracetamol,Antibiotics,35,5.6,Tanzania,2024-02-04
984,39,26,Amoxicillin,Analgesics,487,18.97,Kenya,2024-10-10
985,57,7,Insulin,Antibiotics,309,6.71,Tanzania,2024-12-24
986,17,15,Amoxicillin,Antibiotics,26,22.43,Uganda,2024-12-23
987,86,21,Metformin,Antibiotics,238,14.56,Kenya,2024-01-21
988,90,19,Amoxicillin,Antibiotics,14,9.09,Tanzania,2024-11-03
989,44,28,Ceftriaxone,Antibiotics,374,20.9,Tanzania,2024-06-11
990,25,29,Amoxicillin,Analgesics,45,12.59,Uganda,2024-04-06
991,17,25,Ceftriaxone,Diabetes,428,22.84,Uganda,2024-11-02
992,13,1,Ceftriaxone,Antibiotics,216,23.24,Kenya,2024-12-04
993,84,17,Ceftriaxone,Antibiotics,233,4.55,Tanzania,2024-02-24
994,25,17,Metformin,Analgesics,193,0.56,Tanzania,2024-11-28
995,68,3,Amoxicillin,Analgesics,51,24.61,Uganda,2024-05-06
996,10,12,Amoxicillin,Diabetes,427,22.7,Uganda,2024-07-11
997,67,6,Metformin,Analgesics,375,1.86,Kenya,2024-08-30
998,18,26,Insulin,Diabetes,214,20.91,Tanzania,2024-12-14
999,100,11,Paracetamol,Antibiotics,151,11.72,Tanzania,2024-03-28
1000,86,3,Amoxicillin,Antibiotics,440,6.84,Kenya,2024-12-01
1001,34,8,Paracetamol,Diabetes,275,22.03,Kenya,2024-08-02
1002,8,14,Metformin,Analgesics,338,5.32,Uganda,2024-04-01
1003,40,14,Insulin,Diabetes,76,23.71,Uganda,2024-10-29
1004,83,10,Insulin,Analgesics,439,5.54,Kenya,2024-08-22
1005,42,2,Insulin,Antibiotics,220,15.54,Kenya,2024-07-02
1006,41,14,Metformin,Analgesics,348,5.97,Tanzania,2024-02-07
1007,6,9,Ceftriaxone,Diabetes,444,13.87,Kenya,2024-05-18
1008,52,3,Ceftriaxone,Diabetes,187,17.26,Kenya,2024-07-13
1009,26,21,Paracetamol,Antibiotics,289,5.16,Tanzania,2024-01-15
1010,64,26,Ceftriaxone,Analgesics,403,13.26,Kenya,2024-09-13
1011,98,8,Ceftriaxone,Analgesics,28,11.99,Uganda,2024-05-14
1012,59,16,Insulin,Analgesics,379,2.24,Uganda,2024-01-01
1013,56,2,Insulin,Antibiotics,180,20.55,Tanzania,2024-02-18
1014,59,6,Paracetamol,Analgesics,253,8.72,Kenya,2024-04-05
1015,70,28,Amoxicillin,Diabetes,126,14.58,Uganda,2024-07-19
1016,33,21,Paracetamol,Analgesics,177,13.11,Uganda,2024-01-26
1017,53,29,Paracetamol,Antibiotics,37,13.07,Uganda,2024-12-08
1018,22,26,Metformin,Analgesics,410,3.13,Uganda,2024-08-22
1019,21,25,Metformin,Analgesics,99,10.88,Kenya,2024-12-14
1020,70,12,Paracetamol,Diabetes,98,11.58,Kenya,2024-08-31
1021,70,5,Paracetamol,Analgesics,127,18.47,Kenya,2024-12-23
1022,4,2,Paracetamol,Diabetes,483,21.08,Kenya,2024-11-22
1023,94,16,Ceftriaxone,Diabetes,168,13.85,Uganda,2024-12-16
1024,75,5,Metformin,Antibiotics,80,2.63,Tanzania,2024-02-20
1025,62,15,Paracetamol,Diabetes,294,6.3,Tanzania,2024-03-21
1026,62,12,Insulin,Diabetes,333,4.54,Uganda,2024-02-05
1027,94,4,Insulin,Antibiotics,126,3.55,Uganda,2024-03-07
1028,95,15,Ceftriaxone,Diabetes,343,9.46,Tanzania,2024-05-08
1029,24,11,Ceftriaxone,Antibiotics,310,6.12,Tanzania,2024-06-03
1030,55,16,Amoxicillin,Analgesics,150,5.85,Uganda,2024-09-01
1031,9,23,Amoxicillin,Antibiotics,16,1.84,Uganda,2024-04-20
1032,3,6,Amoxicillin,Diabetes,28,0.93,Kenya,2024-06-16
1033,31,14,Ceftriaxone,Antibiotics,496,3.02,Kenya,2024-05-21
1034,40,18,Ceftriaxone,Diabetes,419,4.72,Tanzania,2024-12-21
1035,36,12,Ceftriaxone,Analgesics,444,11.06,Uganda,2024-07-15
1036,24,27,Insulin,Antibiotics,173,13.01,Tanzania,2024-04-18
1037,95,11,Ceftriaxone,Analgesics,46,3.94,Kenya,2024-03-19
1038,6,13,Insulin,Diabetes,328,10.91,Kenya,2024-06-09
1039,66,21,Amoxicillin,Diabetes,236,8.87,Tanzania,2024-01-19
1040,84,23,Amoxicillin,Analgesics,439,4.99,Kenya,2024-05-06
1041,92,11,Amoxicillin,Antibiotics,214,0.67,Uganda,2024-07-23
1042,75,23,Paracetamol,Antibiotics,85,11.94,Tanzania,2024-01-29
1043,4,16,Paracetamol,Diabetes,282,17.3,Uganda,2024-07-25
1044,79,15,Metformin,Analgesics,232,6.04,Uganda,2024-10-06
1045,6,21,Metformin,Analgesics,85,3.73,Kenya,2024-05-30
1046,94,28,Metformin,Antibiotics,409,22.23,Uganda,2024-08-27
1047,51,15,Paracetamol,Antibiotics,489,7.24,Tanzania,2024-09-22
1048,62,25,Paracetamol,Antibiotics,65,5.98,Uganda,2024-06-30
1049,57,4,Metformin,Analgesics,134,21.5,Uganda,2024-04-14
1050,66,11,Metformin,Antibiotics,151,20.52,Uganda,2024-08-23
1051,79,19,Ceftriaxone,Antibiotics,115,11.48,Uganda,2024-06-21
1052,75,15,Metformin,Diabetes,64,12.49,Uganda,2024-06-06
1053,8,4,Ceftriaxone,Antibiotics,343,5.83,Kenya,2024-06-20
1054,26,21,Insulin,Antibiotics,427,2.42,Tanzania,2024-11-06
1055,51,13,Paracetamol,Analgesics,363,14.55,Kenya,2024-06-05
1056,45,22,Metformin,Analgesics,407,2.91,Tanzania,2024-09-14
1057,44,19,Paracetamol,Diabetes,352,11.51,Tanzania,2024-06-12
1058,5,2,Paracetamol,Antibiotics,158,23.54,Tanzania,2024-05-26
1059,70,14,Paracetamol,Diabetes,77,23.84,Tanzania,2024-06-02
1060,26,29,Insulin,Analgesics,491,6.36,Tanzania,2024-02-07
1061,68,4,Amoxicillin,Diabetes,146,15.79,Uganda,2024-05-10
1062,19,16,Metformin,Analgesics,343,12.11,Kenya,2024-12-23
1063,84,21,Amoxicillin,Diabetes,463,21.95,Kenya,2024-09-11
1064,97,20,Amoxicillin,Diabetes,225,7.15,Uganda,2024-07-26
1065,20,14,Amoxicillin,Antibiotics,405,0.59,Tanzania,2024-04-04
1066,12,27,Paracetamol,Diabetes,313,4.48,Kenya,2024-12-13
1067,47,29,Ceftriaxone,Antibiotics,103,9.06,Uganda,2024-11-22
1068,1,15,Paracetamol,Antibiotics,407,8.24,Uganda,2024-06-19
1069,90,28,Paracetamol,Antibiotics,347,19.89,Kenya,2024-09-06
1070,14,3,Amoxicillin,Antibiotics,301,17.17,Kenya,2024-07-08
1071,64,8,Paracetamol,Diabetes,428,7.84,Tanzania,2024-07-17
1072,38,16,Amoxicillin,Analgesics,466,11.71,Tanzania,2024-08-08
1073,37,10,Ceftriaxone,Analgesics,88,2.84,Kenya,2024-01-24
1074,11,4,Metformin,Analgesics,371,22.5,Tanzania,2024-08-31
1075,100,30,Amoxicillin,Diabetes,303,23.42,Uganda,2024-11-19
1076,77,18,Ceftriaxone,Antibiotics,168,24.51,Tanzania,2024-05-07
1077,3,2,Metformin,Analgesics,435,21.78,Tanzania,2024-04-02
1078,33,17,Insulin,Diabetes,170,4.76,Uganda,2024-10-26
1079,6,13,Amoxicillin,Antibiotics,135,1.63,Tanzania,2024-05-12
1080,50,4,Amoxicillin,Analgesics,50,14.7,Uganda,2024-02-24
1081,10,26,Insulin,Antibiotics,432,22.86,Tanzania,2024-06-06
1082,5,25,Insulin,Analgesics,340,4.85,Kenya,2024-01-29
1083,23,30,Amoxicillin,Analgesics,347,0.67,Tanzania,2024-07-29
1084,10,11,Insulin,Analgesics,134,20.23,Kenya,2024-06-02
1085,44,7,Paracetamol,Antibiotics,347,2.38,Kenya,2024-10-19
1086,2,12,Metformin,Diabetes,137,10.64,Kenya,2024-08-09
1087,13,10,Metformin,Antibiotics,245,17.13,Kenya,2024-04-24
1088,40,7,Metformin,Analgesics,109,6.3,Kenya,2024-06-06
1089,2,13,Paracetamol,Antibiotics,313,2.56,Uganda,2024-09-15
1090,84,7,Insulin,Diabetes,287,19.37,Uganda,2024-09-07
1091,65,24,Ceftriaxone,Antibiotics,21,15.94,Uganda,2024-05-01
1092,63,17,Insulin,Diabetes,90,24.72,Kenya,2024-10-25
1093,73,10,Amoxicillin,Diabetes,296,8.94,Tanzania,2024-09-19
1094,17,29,Metformin,Antibiotics,112,2.01,Uganda,2024-02-18
1095,9,10,Insulin,Analgesics,301,18.49,Tanzania,2024-11-24
1096,75,24,Ceftriaxone,Diabetes,77,13.28,Tanzania,2024-10-23
1097,15,4,Amoxicillin,Antibiotics,177,5.72,Kenya,2024-12-27
1098,24,20,Paracetamol,Diabetes,343,19.65,Kenya,2024-03-17
1099,38,4,Paracetamol,Analgesics,148,5.49,Kenya,2024-05-06
1100,35,22,Ceftriaxone,Antibiotics,101,6.89,Uganda,2024-07-15
1101,94,7,Amoxicillin,Antibiotics,246,2.77,Kenya,2024-08-08
1102,95,22,Metformin,Antibiotics,117,10.29,Uganda,2024-03-31
1103,49,1,Insulin,Analgesics,92,10.76,Uganda,2024-01-08
1104,69,12,Amoxicillin,Diabetes,401,13.11,Uganda,2024-02-01
1105,62,24,Paracetamol,Antibiotics,28,17.87,Uganda,2024-11-15
1106,60,13,Ceftriaxone,Diabetes,425,22.7,Kenya,2024-09-25
1107,50,10,Ceftriaxone,Diabetes,450,3.87,Uganda,2024-07-09
1108,78,15,Insulin,Analgesics,25,1.83,Kenya,2024-12-14
1109,75,27,Ceftriaxone,Antibiotics,58,0.95,Kenya,2024-06-11
1110,9,13,Ceftriaxone,Diabetes,498,4.02,Uganda,2024-03-01
1111,34,23,Amoxicillin,Antibiotics,297,16.62,Kenya,2024-09-20
1112,76,22,Metformin,Antibiotics,134,18.32,Tanzania,2024-10-11
1113,99,22,Insulin,Analgesics,331,19.77,Kenya,2024-04-04
1114,35,21,Amoxicillin,Antibiotics,249,6.47,Kenya,2024-02-10
1115,1,22,Metformin,Antibiotics,38,7.99,Uganda,2024-05-28
1116,40,28,Amoxicillin,Diabetes,390,12.34,Uganda,2024-07-22
1117,64,9,Amoxicillin,Analgesics,429,2.05,Kenya,2024-09-23
1118,22,26,Ceftriaxone,Antibiotics,75,15.47,Uganda,2024-01-02
1119,60,9,Metformin,Diabetes,142,24.6,Tanzania,2024-06-26
1120,64,15,Insulin,Analgesics,322,9.34,Tanzania,2024-07-12
1121,93,10,Insulin,Analgesics,168,18.94,Uganda,2024-12-01
1122,72,24,Metformin,Diabetes,259,12.75,Kenya,2024-07-14
1123,11,26,Ceftriaxone,Diabetes,373,3.63,Tanzania,2024-12-08
1124,14,25,Paracetamol,Diabetes,355,14.76,Tanzania,2024-09-05
1125,60,29,Amoxicillin,Diabetes,225,7.85,Kenya,2024-07-30
1126,30,10,Ceftriaxone,Diabetes,152,1.34,Uganda,2024-06-01
1127,35,8,Metformin,Antibiotics,19,16.06,Tanzania,2024-06-06
1128,85,24,Amoxicillin,Antibiotics,146,21.54,Kenya,2024-12-27
1129,37,16,Insulin,Analgesics,448,8.95,Kenya,2024-05-18
1130,5,17,Paracetamol,Antibiotics,241,10.06,Tanzania,2024-08-08
1131,83,26,Insulin,Antibiotics,372,22.33,Uganda,2024-09-29
1132,78,27,Metformin,Antibiotics,381,20.43,Tanzania,2024-06-02
1133,26,5,Amoxicillin,Diabetes,344,18.02,Kenya,2024-09-05
1134,62,4,Metformin,Analgesics,237,6.6,Tanzania,2024-10-05
1135,4,18,Amoxicillin,Analgesics,35,22.8,Uganda,2024-10-30
1136,89,24,Ceftriaxone,Analgesics,190,4.28,Kenya,2024-10-02
1137,42,19,Paracetamol,Analgesics,1,15.86,Uganda,2024-01-02
1138,89,4,Ceftriaxone,Antibiotics,484,1.21,Tanzania,2024-03-28
1139,18,28,Ceftriaxone,Antibiotics,153,16.27,Tanzania,2024-10-13
1140,40,7,Metformin,Diabetes,429,7.29,Uganda,2024-05-09
1141,72,10,Paracetamol,Analgesics,433,11.52,Tanzania,2024-03-18
1142,39,25,Amoxicillin,Antibiotics,126,8.96,Uganda,2024-09-16
1143,14,18,Amoxicillin,Antibiotics,491,4.73,Tanzania,2024-08-28
1144,32,19,Insulin,Diabetes,482,15.74,Uganda,2024-05-20
1145,51,4,Amoxicillin,Diabetes,345,22.11,Uganda,2024-08-15
1146,38,10,Metformin,Diabetes,400,24.0,Kenya,2024-06-11
1147,97,1,Ceftriaxone,Antibiotics,226,5.21,Kenya,2024-08-23
1148,23,23,Ceftriaxone,Antibiotics,221,18.08,Uganda,2024-05-07
1149,63,18,Ceftriaxone,Diabetes,403,16.78,Tanzania,2024-07-18
1150,15,5,Paracetamol,Analgesics,407,8.91,Tanzania,2024-01-31
1151,97,15,Amoxicillin,Diabetes,211,0.97,Tanzania,2024-05-17
1152,25,17,Metformin,Diabetes,25,17.4,Uganda,2024-01-21
1153,17,3,Paracetamol,Diabetes,16,23.66,Uganda,2024-08-21
1154,97,12,Insulin,Diabetes,182,15.99,Uganda,2024-07-20
1155,66,2,Metformin,Antibiotics,499,11.16,Uganda,2024-10-05
1156,78,1,Metformin,Analgesics,329,13.37,Kenya,2024-05-10
1157,53,23,Metformin,Diabetes,129,5.39,Uganda,2024-05-27
1158,51,21,Ceftriaxone,Analgesics,42,18.89,Tanzania,2024-01-29
1159,39,17,Metformin,Analgesics,403,18.79,Kenya,2024-12-26
1160,51,22,Amoxicillin,Analgesics,481,4.07,Tanzania,2024-11-03
1161,70,16,Metformin,Diabetes,418,22.01,Uganda,2024-06-10
1162,6,5,Ceftriaxone,Antibiotics,336,7.1,Kenya,2024-12-22
1163,67,15,Metformin,Diabetes,236,24.57,Uganda,2024-12-05
1164,7,3,Insulin,Analgesics,360,9.88,Kenya,2024-03-01
1165,51,28,Insulin,Analgesics,439,4.86,Tanzania,2024-05-04
1166,72,7,Ceftriaxone,Antibiotics,402,9.12,Uganda,2024-03-11
1167,42,11,Amoxicillin,Diabetes,34,11.28,Uganda,2024-11-21
1168,64,10,Amoxicillin,Analgesics,345,2.2,Kenya,2024-12-29
1169,15,9,Paracetamol,Antibiotics,381,14.67,Kenya,2024-08-30
1170,29,14,Ceftriaxone,Analgesics,45,15.14,Uganda,2024-09-05
1171,33,13,Metformin,Antibiotics,134,18.6,Kenya,2024-08-08
1172,94,29,Ceftriaxone,Antibiotics,21,1.21,Uganda,2024-01-21
1173,27,25,Paracetamol,Diabetes,122,13.76,Kenya,2024-03-22
1174,36,30,Ceftriaxone,Analgesics,70,1.8,Tanzania,2024-12-09
1175,29,25,Ceftriaxone,Diabetes,352,17.68,Kenya,2024-01-10
1176,38,2,Paracetamol,Analgesics,361,1.87,Tanzania,2024-01-12
1177,57,3,Amoxicillin,Diabetes,48,22.84,Kenya,2024-09-19
1178,97,7,Metformin,Analgesics,491,17.7,Kenya,2024-05-24
1179,27,21,Paracetamol,Diabetes,39,12.93,Uganda,2024-07-10
1180,55,18,Insulin,Antibiotics,287,11.32,Kenya,2024-09-06
1181,33,3,Amoxicillin,Analgesics,490,3.7,Kenya,2024-04-23
1182,68,10,Insulin,Analgesics,10,7.63,Tanzania,2024-01-26
1183,86,22,Amoxicillin,Antibiotics,30,21.79,Kenya,2024-09-27
1184,66,29,Metformin,Diabetes,244,22.66,Uganda,2024-02-02
1185,10,7,Metformin,Analgesics,274,0.52,Tanzania,2024-03-02
1186,5,9,Ceftriaxone,Analgesics,444,15.06,Uganda,2024-08-16
1187,74,17,Insulin,Diabetes,88,18.12,Uganda,2024-10-29
1188,97,11,Amoxicillin,Antibiotics,244,15.66,Uganda,2024-04-04
1189,38,7,Metformin,Diabetes,381,2.5,Uganda,2024-02-04
1190,13,24,Paracetamol,Diabetes,329,5.83,Tanzania,2024-07-11
1191,31,28,Metformin,Diabetes,479,6.63,Kenya,2024-03-16
1192,47,14,Paracetamol,Analgesics,15,20.88,Uganda,2024-09-05
1193,100,19,Amoxicillin,Antibiotics,4,11.85,Tanzania,2024-03-23
1194,88,4,Metformin,Antibiotics,191,12.43,Uganda,2024-01-25
1195,52,26,Metformin,Diabetes,168,23.4,Kenya,2024-02-26
1196,56,6,Amoxicillin,Analgesics,9,16.11,Tanzania,2024-02-01
1197,15,10,Metformin,Diabetes,109,22.52,Tanzania,2024-11-14
1198,29,7,Paracetamol,Analgesics,137,11.68,Kenya,2024-01-12
1199,8,13,Metformin,Analgesics,154,4.16,Tanzania,2024-11-14
1200,5,14,Insulin,Analgesics,388,23.28,Kenya,2024-11-28
1201,29,4,Ceftriaxone,Analgesics,209,11.74,Tanzania,2024-04-01
1202,47,8,Paracetamol,Antibiotics,272,4.95,Tanzania,2024-01-01
1203,68,5,Insulin,Analgesics,143,7.91,Kenya,2024-11-21
1204,76,1,Amoxicillin,Analgesics,99,1.74,Kenya,2024-05-15
1205,45,4,Paracetamol,Diabetes,377,11.97,Tanzania,2024-07-14
1206,2,3,Ceftriaxone,Diabetes,308,21.4,Tanzania,2024-05-12
1207,27,9,Ceftriaxone,Antibiotics,69,23.37,Kenya,2024-03-26
1208,95,8,Amoxicillin,Diabetes,247,23.35,Kenya,2024-10-21
1209,36,1,Amoxicillin,Analgesics,261,3.57,Tanzania,2024-10-05
1210,36,27,Paracetamol,Diabetes,276,9.86,Tanzania,2024-11-19
1211,26,6,Metformin,Antibiotics,79,1.19,Tanzania,2024-06-28
1212,43,9,Amoxicillin,Diabetes,146,21.45,Kenya,2024-01-04
1213,27,7,Metformin,Diabetes,111,9.29,Tanzania,2024-05-05
1214,69,4,Insulin,Antibiotics,258,15.96,Uganda,2024-06-23
1215,20,13,Ceftriaxone,Antibiotics,93,18.02,Kenya,2024-09-07
1216,11,17,Metformin,Analgesics,13,11.03,Tanzania,2024-01-21
1217,74,28,Ceftriaxone,Diabetes,260,8.01,Kenya,2024-04-14
1218,38,2,Metformin,Analgesics,426,24.07,Uganda,2024-03-06
1219,6,28,Insulin,Diabetes,109,24.13,Kenya,2024-09-19
1220,72,5,Amoxicillin,Diabetes,330,7.59,Tanzania,2024-02-18
1221,23,12,Insulin,Analgesics,189,12.25,Uganda,2024-01-16
1222,47,27,Amoxicillin,Diabetes,95,24.33,Uganda,2024-05-24
1223,90,21,Amoxicillin,Diabetes,105,0.62,Tanzania,2024-12-05
1224,46,8,Ceftriaxone,Diabetes,8,10.61,Tanzania,2024-09-06
1225,12,6,Insulin,Antibiotics,67,2.96,Tanzania,2024-12-08
1226,90,8,Metformin,Analgesics,496,12.97,Kenya,2024-12-19
1227,13,18,Insulin,Antibiotics,191,1.1,Kenya,2024-03-15
1228,62,3,Ceftriaxone,Analgesics,366,10.47,Kenya,2024-10-16
1229,82,22,Amoxicillin,Analgesics,256,5.91,Tanzania,2024-10-08
1230,89,12,Ceftriaxone,Diabetes,9,13.57,Tanzania,2024-03-06
1231,97,29,Paracetamol,Analgesics,478,24.9,Kenya,2024-05-04
1232,60,26,Paracetamol,Antibiotics,117,20.11,Uganda,2024-11-14
1233,43,3,Metformin,Antibiotics,267,21.22,Kenya,2024-03-27
1234,76,22,Ceftriaxone,Antibiotics,99,16.06,Uganda,2024-02-10
1235,100,6,Metformin,Analgesics,485,1.52,Tanzania,2024-07-04
1236,68,2,Metformin,Antibiotics,298,5.57,Tanzania,2024-12-19
1237,5,23,Paracetamol,Analgesics,397,23.16,Kenya,2024-11-30
1238,37,12,Metformin,Antibiotics,164,9.47,Kenya,2024-09-22
1239,72,2,Paracetamol,Antibiotics,376,3.04,Tanzania,2024-09-27
1240,92,6,Amoxicillin,Analgesics,141,17.71,Kenya,2024-02-11
1241,31,17,Ceftriaxone,Antibiotics,268,7.84,Tanzania,2024-04-02
1242,9,3,Metformin,Diabetes,37,7.09,Tanzania,2024-07-03
1243,51,2,Paracetamol,Analgesics,74,24.95,Uganda,2024-08-02
1244,29,23,Insulin,Analgesics,73,21.52,Kenya,2024-01-17
1245,78,30,Metformin,Analgesics,308,10.49,Tanzania,2024-09-21
1246,40,20,Amoxicillin,Diabetes,199,24.52,Kenya,2024-04-23
1247,41,8,Amoxicillin,Analgesics,130,16.43,Uganda,2024-10-18
1248,86,22,Insulin,Antibiotics,246,18.68,Uganda,2024-10-18
1249,11,12,Paracetamol,Antibiotics,312,1.27,Kenya,2024-02-17
1250,23,26,Metformin,Antibiotics,60,3.48,Kenya,2024-11-02
1251,1,4,Paracetamol,Analgesics,279,16.01,Tanzania,2024-04-06
1252,46,5,Amoxicillin,Antibiotics,103,22.53,Uganda,2024-04-04
1253,21,13,Paracetamol,Analgesics,296,15.78,Uganda,2024-11-21
1254,90,29,Amoxicillin,Antibiotics,320,3.78,Uganda,2024-03-14
1255,36,15,Paracetamol,Diabetes,487,3.34,Kenya,2024-12-01
1256,54,25,Insulin,Diabetes,341,21.18,Tanzania,2024-03-08
1257,87,23,Ceftriaxone,Diabetes,151,3.91,Kenya,2024-09-02
1258,57,16,Insulin,Diabetes,157,13.25,Kenya,2024-03-17
1259,1,10,Insulin,Analgesics,206,1.41,Kenya,2024-07-26
1260,63,30,Ceftriaxone,Antibiotics,474,2.48,Tanzania,2024-09-10
1261,54,30,Ceftriaxone,Diabetes,179,16.97,Kenya,2024-08-08
1262,55,25,Metformin,Analgesics,197,17.38,Uganda,2024-09-18
1263,40,23,Metformin,Diabetes,223,8.87,Uganda,2024-11-26
1264,15,16,Insulin,Diabetes,89,5.78,Uganda,2024-12-09
1265,21,12,Insulin,Analgesics,287,20.44,Tanzania,2024-09-15
1266,47,17,Amoxicillin,Analgesics,434,5.82,Kenya,2024-11-03
1267,73,16,Amoxicillin,Antibiotics,276,13.78,Tanzania,2024-03-14
1268,53,12,Metformin,Antibiotics,236,24.22,Kenya,2024-05-04
1269,9,8,Metformin,Diabetes,183,4.12,Uganda,2024-07-06
1270,74,20,Amoxicillin,Diabetes,209,23.55,Kenya,2024-09-10
1271,52,3,Amoxicillin,Antibiotics,493,4.98,Kenya,2024-11-16
1272,57,16,Paracetamol,Antibiotics,130,14.4,Kenya,2024-11-03
1273,26,30,Paracetamol,Analgesics,153,9.74,Tanzania,2024-08-22
1274,41,13,Amoxicillin,Antibiotics,13,24.14,Kenya,2024-09-06
1275,35,23,Paracetamol,Antibiotics,122,7.2,Kenya,2024-11-27
1276,63,28,Ceftriaxone,Diabetes,359,10.29,Kenya,2024-12-10
1277,25,19,Metformin,Antibiotics,220,24.58,Tanzania,2024-03-12
1278,90,8,Metformin,Diabetes,106,13.64,Tanzania,2024-08-22
1279,75,22,Amoxicillin,Antibiotics,375,12.81,Tanzania,2024-11-19
1280,38,5,Insulin,Analgesics,70,6.82,Kenya,2024-06-04
1281,2,20,Amoxicillin,Antibiotics,195,17.68,Uganda,2024-04-24
1282,7,8,Paracetamol,Antibiotics,186,0.85,Uganda,2024-11-08
1283,82,24,Insulin,Antibiotics,99,1.71,Uganda,2024-08-15
1284,91,12,Paracetamol,Diabetes,82,15.18,Kenya,2024-11-17
1285,34,1,Ceftriaxone,Analgesics,75,8.87,Uganda,2024-12-11
1286,91,25,Paracetamol,Antibiotics,374,23.86,Uganda,2024-09-01
1287,17,30,Ceftriaxone,Diabetes,340,22.63,Uganda,2024-11-01
1288,43,21,Ceftriaxone,Analgesics,192,17.99,Kenya,2024-01-14
1289,59,20,Paracetamol,Diabetes,325,20.54,Uganda,2024-01-16
1290,51,6,Paracetamol,Diabetes,467,16.85,Uganda,2024-02-11
1291,54,22,Ceftriaxone,Analgesics,214,3.58,Kenya,2024-04-19
1292,24,18,Insulin,Antibiotics,315,19.26,Tanzania,2024-10-04
1293,25,8,Ceftriaxone,Diabetes,444,5.65,Uganda,2024-11-19
1294,71,7,Metformin,Diabetes,467,8.42,Tanzania,2024-01-19
1295,52,1,Ceftriaxone,Antibiotics,382,20.57,Uganda,2024-03-06
1296,70,21,Insulin,Antibiotics,367,13.64,Kenya,2024-06-15
1297,88,16,Metformin,Analgesics,318,21.57,Tanzania,2024-03-13
1298,33,12,Amoxicillin,Analgesics,144,5.72,Tanzania,2024-11-05
1299,49,6,Amoxicillin,Analgesics,384,15.39,Tanzania,2024-04-21
1300,29,20,Insulin,Antibiotics,216,2.55,Tanzania,2024-09-30
1301,63,2,Ceftriaxone,Diabetes,361,16.25,Uganda,2024-03-25
1302,22,29,Paracetamol,Diabetes,324,19.18,Uganda,2024-05-18
1303,26,14,Insulin,Analgesics,15,14.83,Tanzania,2024-02-08
1304,28,4,Metformin,Antibiotics,217,7.02,Uganda,2024-04-14
1305,85,1,Metformin,Diabetes,492,1.27,Tanzania,2024-11-19
1306,49,23,Amoxicillin,Analgesics,439,3.43,Tanzania,2024-10-07
1307,71,18,Metformin,Diabetes,35,15.75,Kenya,2024-05-02
1308,81,13,Insulin,Diabetes,183,23.39,Tanzania,2024-08-05
1309,84,2,Metformin,Antibiotics,270,5.56,Uganda,2024-03-01
1310,49,9,Insulin,Antibiotics,433,18.51,Tanzania,2024-04-09
1311,20,21,Paracetamol,Diabetes,467,21.73,Kenya,2024-11-02
1312,86,2,Amoxicillin,Analgesics,358,13.26,Uganda,2024-12-19
1313,92,27,Metformin,Antibiotics,100,16.9,Kenya,2024-07-22
1314,63,25,Insulin,Diabetes,7,20.47,Kenya,2024-09-14
1315,61,9,Ceftriaxone,Antibiotics,30,6.89,Tanzania,2024-01-05
1316,49,1,Amoxicillin,Antibiotics,467,7.77,Kenya,2024-07-15
1317,71,11,Paracetamol,Antibiotics,305,0.52,Kenya,2024-06-28
1318,1,3,Insulin,Diabetes,473,24.1,Uganda,2024-12-07
1319,96,20,Paracetamol,Analgesics,144,22.98,Kenya,2024-05-12
1320,13,30,Paracetamol,Analgesics,111,19.23,Tanzania,2024-11-19
1321,94,23,Metformin,Analgesics,232,2.44,Tanzania,2024-09-09
1322,87,26,Metformin,Antibiotics,179,11.46,Tanzania,2024-09-21
1323,51,4,Insulin,Diabetes,72,3.0,Kenya,2024-04-02
1324,56,18,Ceftriaxone,Antibiotics,210,0.89,Uganda,2024-05-29
1325,83,23,Insulin,Analgesics,220,15.6,Tanzania,2024-05-17
1326,62,6,Ceftriaxone,Analgesics,80,24.04,Kenya,2024-07-26
1327,32,3,Paracetamol,Diabetes,83,22.62,Tanzania,2024-05-04
1328,30,22,Amoxicillin,Antibiotics,42,17.57,Tanzania,2024-08-21
1329,29,11,Insulin,Analgesics,273,2.87,Uganda,2024-03-01
1330,49,15,Insulin,Diabetes,191,7.22,Tanzania,2024-11-02
1331,45,22,Ceftriaxone,Antibiotics,173,8.34,Uganda,2024-09-22
1332,93,28,Paracetamol,Antibiotics,461,19.2,Kenya,2024-05-13
1333,30,5,Paracetamol,Analgesics,7,20.16,Tanzania,2024-11-13
1334,16,20,Ceftriaxone,Analgesics,155,9.94,Kenya,2024-04-22
1335,40,10,Paracetamol,Antibiotics,10,10.74,Kenya,2024-07-09
1336,19,12,Metformin,Antibiotics,34,1.59,Kenya,2024-07-05
1337,18,15,Amoxicillin,Analgesics,36,7.58,Tanzania,2024-11-14
1338,1,17,Insulin,Antibiotics,409,11.56,Uganda,2024-03-29
1339,78,10,Amoxicillin,Analgesics,6,3.37,Tanzania,2024-07-05
1340,47,6,Insulin,Antibiotics,408,11.61,Kenya,2024-11-02
1341,66,18,Metformin,Analgesics,402,21.4,Uganda,2024-05-11
1342,92,13,Paracetamol,Diabetes,215,14.74,Kenya,2024-12-25
1343,94,3,Ceftriaxone,Analgesics,134,2.43,Uganda,2024-05-02
1344,38,30,Metformin,Analgesics,285,5.2,Tanzania,2024-02-17
1345,51,24,Amoxicillin,Diabetes,126,12.13,Uganda,2024-10-14
1346,63,10,Ceftriaxone,Antibiotics,409,9.36,Tanzania,2024-06-27
1347,4,30,Paracetamol,Diabetes,439,9.29,Kenya,2024-06-28
1348,1,14,Metformin,Analgesics,337,13.47,Uganda,2024-04-08
1349,8,6,Ceftriaxone,Antibiotics,174,14.82,Kenya,2024-11-25
1350,29,3,Metformin,Diabetes,152,20.02,Uganda,2024-02-03
1351,55,16,Metformin,Antibiotics,331,8.85,Tanzania,2024-03-10
1352,3,7,Paracetamol,Antibiotics,26,20.23,Uganda,2024-06-19
1353,32,20,Insulin,Diabetes,383,8.8,Uganda,2024-09-28
1354,10,14,Ceftriaxone,Antibiotics,115,1.86,Tanzania,2024-02-28
1355,74,9,Paracetamol,Diabetes,382,14.08,Tanzania,2024-06-29
1356,83,15,Metformin,Analgesics,482,14.9,Tanzania,2024-01-19
1357,34,21,Paracetamol,Antibiotics,284,23.4,Uganda,2024-08-13
1358,97,3,Insulin,Analgesics,387,18.29,Kenya,2024-04-04
1359,87,2,Ceftriaxone,Analgesics,75,22.99,Uganda,2024-10-23
1360,55,27,Insulin,Antibiotics,166,22.75,Uganda,2024-03-21
1361,92,2,Amoxicillin,Diabetes,189,15.31,Kenya,2024-06-23
1362,32,3,Ceftriaxone,Antibiotics,78,13.43,Tanzania,2024-08-09
1363,50,18,Insulin,Analgesics,435,14.16,Uganda,2024-04-12
1364,7,14,Metformin,Analgesics,90,24.47,Kenya,2024-02-23
1365,93,20,Ceftriaxone,Diabetes,176,19.44,Tanzania,2024-07-01
1366,8,18,Ceftriaxone,Antibiotics,21,3.1,Tanzania,2024-12-16
1367,65,10,Paracetamol,Analgesics,54,19.57,Uganda,2024-11-13
1368,57,25,Metformin,Analgesics,184,4.68,Tanzania,2024-12-20
1369,67,2,Amoxicillin,Analgesics,359,11.46,Tanzania,2024-12-14
1370,88,25,Insulin,Diabetes,222,5.66,Kenya,2024-11-16
1371,87,29,Paracetamol,Analgesics,315,17.39,Kenya,2024-03-08
1372,59,22,Insulin,Analgesics,328,21.99,Tanzania,2024-01-28
1373,72,1,Amoxicillin,Antibiotics,179,7.61,Kenya,2024-09-30
1374,54,4,Amoxicillin,Antibiotics,276,2.51,Tanzania,2024-10-08
1375,67,14,Ceftriaxone,Analgesics,112,7.81,Uganda,2024-12-25
1376,51,1,Amoxicillin,Analgesics,224,16.97,Kenya,2024-11-06
1377,97,14,Insulin,Antibiotics,214,8.55,Tanzania,2024-04-28
1378,92,16,Metformin,Diabetes,59,7.31,Tanzania,2024-05-13
1379,8,22,Metformin,Diabetes,327,5.02,Kenya,2024-05-08
1380,34,14,Ceftriaxone,Diabetes,393,12.69,Kenya,2024-01-08
1381,35,29,Insulin,Diabetes,109,7.26,Uganda,2024-02-20
1382,96,20,Insulin,Diabetes,385,18.41,Tanzania,2024-12-06
1383,88,3,Amoxicillin,Diabetes,157,2.38,Uganda,2024-10-07
1384,78,3,Insulin,Diabetes,191,16.77,Uganda,2024-06-23
1385,32,9,Paracetamol,Diabetes,200,6.32,Uganda,2024-07-01
1386,46,6,Amoxicillin,Antibiotics,312,12.49,Kenya,2024-07-10
1387,16,25,Paracetamol,Diabetes,196,7.51,Uganda,2024-09-05
1388,68,13,Ceftriaxone,Diabetes,35,18.21,Kenya,2024-08-22
1389,37,21,Metformin,Diabetes,379,23.66,Kenya,2024-03-23
1390,54,2,Ceftriaxone,Analgesics,387,22.97,Uganda,2024-04-02
1391,85,8,Metformin,Antibiotics,246,14.79,Uganda,2024-11-07
1392,14,21,Ceftriaxone,Antibiotics,237,11.83,Tanzania,2024-09-24
1393,95,2,Insulin,Antibiotics,104,20.55,Uganda,2024-04-29
1394,55,4,Paracetamol,Diabetes,7,17.24,Tanzania,2024-03-11
1395,48,25,Metformin,Diabetes,283,5.0,Uganda,2024-01-17
1396,82,15,Amoxicillin,Analgesics,1,20.61,Uganda,2024-09-09
1397,7,4,Paracetamol,Antibiotics,219,11.01,Uganda,2024-05-01
1398,74,13,Amoxicillin,Diabetes,464,5.13,Uganda,2024-01-10
1399,7,28,Paracetamol,Antibiotics,230,7.4,Tanzania,2024-10-13
1400,33,12,Paracetamol,Analgesics,455,7.05,Tanzania,2024-11-11
1401,23,28,Ceftriaxone,Analgesics,172,13.22,Uganda,2024-11-21
1402,85,13,Metformin,Analgesics,87,6.24,Uganda,2024-09-29
1403,19,14,Metformin,Antibiotics,41,3.53,Tanzania,2024-11-01
1404,19,20,Paracetamol,Diabetes,123,3.53,Kenya,2024-10-19
1405,36,18,Insulin,Diabetes,331,14.79,Kenya,2024-07-28
1406,29,29,Insulin,Analgesics,298,18.5,Kenya,2024-08-05
1407,60,28,Amoxicillin,Diabetes,373,8.38,Tanzania,2024-08-28
1408,82,6,Amoxicillin,Analgesics,417,1.35,Tanzania,2024-07-18
1409,2,29,Ceftriaxone,Antibiotics,178,3.62,Kenya,2024-08-03
1410,1,11,Paracetamol,Analgesics,63,22.91,Kenya,2024-07-23
1411,47,30,Amoxicillin,Antibiotics,484,12.59,Uganda,2024-08-03
1412,69,2,Amoxicillin,Analgesics,165,11.61,Tanzania,2024-03-20
1413,20,28,Paracetamol,Diabetes,489,1.43,Tanzania,2024-09-23
1414,11,23,Ceftriaxone,Diabetes,187,18.35,Kenya,2024-02-04
1415,2,19,Amoxicillin,Analgesics,383,13.44,Kenya,2024-10-15
1416,67,19,Ceftriaxone,Diabetes,209,5.45,Tanzania,2024-01-18
1417,87,5,Metformin,Diabetes,227,3.2,Uganda,2024-06-13
1418,12,19,Ceftriaxone,Diabetes,432,9.89,Kenya,2024-01-13
1419,20,2,Insulin,Antibiotics,389,21.01,Tanzania,2024-07-20
1420,5,10,Insulin,Diabetes,48,21.7,Tanzania,2024-08-16
1421,37,25,Ceftriaxone,Antibiotics,224,15.27,Uganda,2024-12-11
1422,38,2,Insulin,Analgesics,3,18.32,Uganda,2024-01-01
1423,94,30,Metformin,Diabetes,372,3.32,Kenya,2024-11-14
1424,9,11,Paracetamol,Diabetes,175,14.91,Kenya,2024-08-04
1425,98,18,Insulin,Diabetes,446,16.84,Kenya,2024-02-03
1426,53,29,Insulin,Analgesics,99,5.42,Tanzania,2024-12-24
1427,44,24,Ceftriaxone,Antibiotics,116,22.06,Kenya,2024-09-22
1428,99,15,Metformin,Antibiotics,270,5.28,Tanzania,2024-05-07
1429,86,9,Paracetamol,Diabetes,447,8.18,Kenya,2024-07-30
1430,24,23,Ceftriaxone,Analgesics,368,15.7,Uganda,2024-09-19
1431,81,19,Ceftriaxone,Analgesics,253,16.14,Uganda,2024-11-07
1432,74,9,Metformin,Analgesics,317,17.63,Tanzania,2024-03-20
1433,30,3,Paracetamol,Analgesics,415,3.24,Uganda,2024-06-13
1434,59,21,Metformin,Analgesics,95,21.31,Tanzania,2024-09-08
1435,87,9,Paracetamol,Antibiotics,273,13.55,Tanzania,2024-01-12
1436,96,28,Metformin,Antibiotics,380,12.05,Uganda,2024-10-30
1437,81,30,Ceftriaxone,Antibiotics,24,24.54,Tanzania,2024-07-30
1438,81,14,Ceftriaxone,Diabetes,116,18.64,Uganda,2024-10-08
1439,14,19,Amoxicillin,Analgesics,151,3.39,Kenya,2024-04-21
1440,9,7,Insulin,Diabetes,338,19.04,Kenya,2024-07-29
1441,40,16,Metformin,Analgesics,50,2.83,Uganda,2024-08-26
1442,66,16,Amoxicillin,Antibiotics,206,1.17,Uganda,2024-09-24
1443,25,28,Insulin,Diabetes,498,10.39,Uganda,2024-10-24
1444,73,1,Metformin,Antibiotics,335,24.84,Uganda,2024-11-12
1445,22,4,Paracetamol,Analgesics,79,4.78,Kenya,2024-02-27
1446,4,4,Insulin,Analgesics,70,16.98,Tanzania,2024-02-03
1447,26,7,Ceftriaxone,Analgesics,27,4.75,Tanzania,2024-09-19
1448,58,8,Amoxicillin,Antibiotics,271,18.26,Kenya,2024-12-30
1449,29,17,Insulin,Analgesics,50,12.88,Tanzania,2024-02-04
1450,98,5,Insulin,Antibiotics,292,17.16,Kenya,2024-09-27
1451,87,7,Ceftriaxone,Diabetes,247,5.47,Tanzania,2024-08-14
1452,37,28,Metformin,Analgesics,264,18.77,Uganda,2024-01-25
1453,75,20,Paracetamol,Analgesics,79,24.89,Uganda,2024-08-21
1454,70,29,Ceftriaxone,Analgesics,387,16.81,Uganda,2024-02-28
1455,18,20,Paracetamol,Diabetes,190,12.59,Kenya,2024-09-07
1456,85,4,Metformin,Analgesics,47,23.12,Kenya,2024-11-30
1457,42,28,Insulin,Antibiotics,461,0.89,Tanzania,2024-03-26
1458,100,6,Paracetamol,Antibiotics,361,18.38,Tanzania,2024-09-07
1459,41,7,Amoxicillin,Analgesics,354,22.27,Tanzania,2024-06-28
1460,38,18,Amoxicillin,Analgesics,472,2.01,Kenya,2024-07-25
1461,34,5,Ceftriaxone,Diabetes,488,11.53,Tanzania,2024-12-09
1462,17,20,Metformin,Diabetes,352,5.52,Uganda,2024-05-28
1463,37,30,Ceftriaxone,Diabetes,189,14.38,Tanzania,2024-03-11
1464,25,29,Ceftriaxone,Analgesics,416,16.41,Uganda,2024-04-30
1465,76,3,Ceftriaxone,Diabetes,256,7.91,Kenya,2024-09-09
1466,87,7,Amoxicillin,Diabetes,222,11.77,Uganda,2024-04-02
1467,86,27,Amoxicillin,Antibiotics,372,7.34,Uganda,2024-09-12
1468,85,28,Ceftriaxone,Diabetes,241,9.55,Uganda,2024-09-10
1469,27,22,Amoxicillin,Antibiotics,269,4.41,Kenya,2024-12-17
1470,57,14,Metformin,Antibiotics,1,22.2,Kenya,2024-10-14
1471,31,7,Ceftriaxone,Diabetes,34,0.75,Kenya,2024-11-04
1472,6,5,Amoxicillin,Antibiotics,446,22.12,Kenya,2024-02-28
1473,91,29,Paracetamol,Analgesics,79,14.51,Tanzania,2024-03-09
1474,40,22,Ceftriaxone,Analgesics,236,8.63,Kenya,2024-03-26
1475,98,5,Ceftriaxone,Diabetes,334,18.21,Uganda,2024-09-30
1476,12,30,Metformin,Analgesics,377,12.94,Kenya,2024-08-14
1477,53,23,Insulin,Antibiotics,349,12.73,Tanzania,2024-03-21
1478,71,2,Insulin,Analgesics,98,3.2,Tanzania,2024-04-23
1479,10,30,Metformin,Diabetes,82,10.04,Tanzania,2024-07-02
1480,45,27,Metformin,Diabetes,455,6.41,Uganda,2024-10-06
1481,17,21,Metformin,Antibiotics,477,0.88,Kenya,2024-11-17
1482,26,22,Insulin,Diabetes,415,9.32,Kenya,2024-11-13
1483,85,6,Metformin,Analgesics,192,2.7,Kenya,2024-02-23
1484,92,15,Amoxicillin,Diabetes,253,6.79,Uganda,2024-07-15
1485,62,21,Ceftriaxone,Antibiotics,409,2.77,Uganda,2024-10-19
1486,46,10,Ceftriaxone,Diabetes,38,2.97,Tanzania,2024-10-19
1487,64,23,Paracetamol,Analgesics,14,5.38,Tanzania,2024-10-17
1488,2,26,Paracetamol,Antibiotics,392,25.0,Kenya,2024-06-28
1489,54,24,Ceftriaxone,Analgesics,347,0.55,Uganda,2024-08-09
1490,65,7,Amoxicillin,Antibiotics,310,16.15,Uganda,2024-09-30
1491,51,5,Insulin,Diabetes,386,3.96,Kenya,2024-08-31
1492,53,1,Insulin,Antibiotics,209,23.06,Kenya,2024-06-02
1493,36,13,Amoxicillin,Antibiotics,357,2.79,Tanzania,2024-10-30
1494,26,21,Insulin,Diabetes,462,23.9,Tanzania,2024-09-29
1495,29,26,Metformin,Analgesics,89,15.47,Tanzania,2024-05-14
1496,21,18,Ceftriaxone,Diabetes,56,0.53,Kenya,2024-11-08
1497,11,13,Ceftriaxone,Antibiotics,94,22.4,Kenya,2024-01-08
1498,40,21,Amoxicillin,Diabetes,93,13.28,Tanzania,2024-05-07
1499,11,21,Insulin,Antibiotics,340,6.94,Tanzania,2024-02-25
1500,36,18,Paracetamol,Diabetes,85,19.3,Uganda,2024-05-05
